Fecha,Local,Visitante,Goles_Local,Goles_Visita,Corners_Local,Corners_Visita,Tarjetas_Local,Tarjetas_Visita,xG_Local,xG_Visita,TirosGol_Local,TirosGol_Visita,Atajadas_Local,Atajadas_Visita,Arbitro
2020-09-19,Fiorentina,Torino,1,0,4.0,1.0,3.0,1.0,1.8,0.96,5.0,3.0,3.0,5.0,R. Abisso
2020-09-19,Hellas Verona,AS Roma,3,0,0.0,6.0,2.0,0.0,1.16,1.28,3.0,4.0,4.0,3.0,D. Chiffi
2020-09-20,Parma,Napoli,0,2,4.0,2.0,4.0,1.0,0.84,1.92,2.0,6.0,4.0,2.0,M. Mariani
2020-09-20,Genoa,Crotone,4,1,6.0,4.0,4.0,2.0,2.12,0.96,6.0,3.0,2.0,2.0,G. Ayroldi
2020-09-20,Sassuolo,Cagliari,1,1,7.0,3.0,1.0,3.0,3.08,1.28,9.0,4.0,3.0,8.0,L. Marinelli
2020-09-20,Juventus,Sampdoria,3,0,6.0,4.0,1.0,1.0,2.76,0.32,8.0,1.0,2.0,5.0,M. Piccinini
2020-09-21,AC Milan,Bologna,2,0,7.0,4.0,3.0,7.0,1.8,1.28,5.0,4.0,4.0,3.0,F. La Penna
2020-09-26,Torino,Atalanta,2,4,2.0,6.0,1.0,2.0,1.48,2.24,4.0,7.0,3.0,2.0,M. Irrati
2020-09-26,Cagliari,Lazio,0,2,3.0,6.0,1.0,1.0,0.84,1.92,2.0,6.0,4.0,2.0,D. Massa
2020-09-26,Sampdoria,Benevento,2,3,6.0,4.0,3.0,1.0,1.16,1.6,3.0,5.0,2.0,1.0,F. Dionisi
2020-09-26,Inter,Fiorentina,4,3,5.0,1.0,1.0,1.0,2.76,1.28,8.0,4.0,1.0,5.0,G. Calvarese
2020-09-27,Spezia,Sassuolo,1,4,3.0,5.0,2.0,1.0,1.8,1.92,5.0,6.0,2.0,4.0,D. Ghersini
2020-09-27,Hellas Verona,Udinese,1,0,1.0,9.0,1.0,0.0,0.84,1.6,2.0,5.0,5.0,1.0,M. Volpi
2020-09-27,Napoli,Genoa,6,0,4.0,2.0,1.0,2.0,3.08,0.0,9.0,0.0,0.0,3.0,J. Sacchi
2020-09-27,Crotone,AC Milan,0,2,2.0,5.0,1.0,3.0,0.2,1.92,0.0,6.0,4.0,0.0,L. Pairetto
2020-09-27,AS Roma,Juventus,2,2,5.0,7.0,2.0,5.0,1.8,0.96,5.0,3.0,1.0,3.0,M. Di Bello
2020-09-28,Bologna,Parma,4,1,8.0,9.0,1.0,4.0,2.76,0.96,8.0,3.0,2.0,4.0,P. Valeri
2020-09-30,Udinese,Spezia,0,2,2.0,2.0,0.0,7.0,1.16,0.64,3.0,2.0,0.0,3.0,A. Prontera
2020-09-30,Benevento,Inter,2,5,5.0,1.0,1.0,0.0,1.8,2.56,5.0,8.0,3.0,3.0,M. Piccinini
2020-09-30,Lazio,Atalanta,1,4,7.0,3.0,6.0,3.0,2.12,1.92,6.0,6.0,2.0,4.0,F. Maresca
2020-10-02,Fiorentina,Sampdoria,1,2,8.0,4.0,0.0,3.0,1.8,2.56,5.0,8.0,6.0,4.0,P. Giacomelli
2020-10-03,Sassuolo,Crotone,4,1,3.0,4.0,2.0,3.0,1.48,1.92,4.0,6.0,5.0,0.0,I. Pezzuto
2020-10-03,Udinese,AS Roma,0,1,4.0,1.0,1.0,0.0,1.48,0.96,4.0,3.0,2.0,4.0,R. Abisso
2020-10-04,Atalanta,Cagliari,5,2,3.0,9.0,1.0,1.0,4.04,0.96,12.0,3.0,1.0,7.0,F. Pasqua
2020-10-04,Lazio,Inter,1,1,7.0,8.0,5.0,6.0,1.48,0.96,4.0,3.0,2.0,3.0,M. Guida
2020-10-04,Benevento,Bologna,1,0,4.0,10.0,2.0,1.0,0.84,2.24,2.0,7.0,7.0,1.0,S. Sozza
2020-10-04,Parma,Hellas Verona,1,0,7.0,6.0,1.0,1.0,1.48,0.64,4.0,2.0,2.0,3.0,A. Giua
2020-10-04,AC Milan,Spezia,3,0,4.0,6.0,1.0,2.0,1.8,0.64,5.0,2.0,3.0,2.0,M. Serra
2020-10-17,Napoli,Atalanta,4,1,6.0,2.0,1.0,3.0,3.72,1.28,11.0,4.0,3.0,7.0,M. Di Bello
2020-10-17,Sampdoria,Lazio,3,0,4.0,3.0,2.0,2.0,2.44,0.0,7.0,0.0,0.0,4.0,D. Orsato
2020-10-17,Inter,AC Milan,1,2,3.0,5.0,3.0,3.0,2.12,1.28,6.0,4.0,2.0,4.0,M. Mariani
2020-10-17,Crotone,Juventus,1,1,3.0,4.0,3.0,5.0,1.16,0.64,3.0,2.0,1.0,2.0,F. Fourneau
2020-10-18,Bologna,Sassuolo,3,4,7.0,11.0,2.0,1.0,2.12,3.84,6.0,12.0,9.0,3.0,D. Doveri
2020-10-18,Torino,Cagliari,2,3,2.0,4.0,4.0,3.0,2.12,1.6,6.0,5.0,2.0,4.0,F. La Penna
2020-10-18,Spezia,Fiorentina,2,2,5.0,5.0,2.0,2.0,0.84,0.96,2.0,3.0,1.0,0.0,G. Manganiello
2020-10-18,Udinese,Parma,3,2,11.0,2.0,3.0,2.0,1.48,0.96,4.0,3.0,1.0,2.0,M. Fabbri
2020-10-18,AS Roma,Benevento,5,2,6.0,4.0,3.0,2.0,2.44,1.28,7.0,4.0,2.0,2.0,G. Ayroldi
2020-10-19,Hellas Verona,Genoa,0,0,14.0,2.0,1.0,4.0,3.4,0.64,10.0,2.0,2.0,10.0,A. Rapuano
2020-10-23,Sassuolo,Torino,3,3,6.0,8.0,2.0,2.0,2.12,3.2,6.0,10.0,7.0,3.0,M. Guida
2020-10-24,Atalanta,Sampdoria,1,3,3.0,1.0,3.0,4.0,1.8,1.28,5.0,4.0,1.0,4.0,G. Calvarese
2020-10-24,Genoa,Inter,0,2,1.0,9.0,1.0,1.0,0.2,1.28,0.0,4.0,2.0,0.0,D. Massa
2020-10-24,Lazio,Bologna,2,1,8.0,9.0,3.0,3.0,1.16,1.6,3.0,5.0,4.0,1.0,M. Irrati
2020-10-25,Cagliari,Crotone,4,2,5.0,1.0,2.0,6.0,2.76,1.92,8.0,6.0,4.0,4.0,A. Di Martino
2020-10-25,Benevento,Napoli,1,2,3.0,15.0,3.0,1.0,1.16,1.6,3.0,5.0,3.0,2.0,D. Doveri
2020-10-25,Parma,Spezia,2,2,12.0,3.0,3.0,2.0,2.12,1.92,6.0,6.0,4.0,4.0,V. Marini
2020-10-25,Fiorentina,Udinese,3,2,2.0,7.0,1.0,3.0,1.16,1.92,3.0,6.0,4.0,0.0,F. Fourneau
2020-10-25,Juventus,Hellas Verona,1,1,6.0,3.0,1.0,4.0,2.12,0.64,6.0,2.0,1.0,5.0,F. Pasqua
2020-10-26,AC Milan,AS Roma,3,3,7.0,7.0,3.0,2.0,2.76,2.24,8.0,7.0,4.0,5.0,P. Giacomelli
2020-10-31,Crotone,Atalanta,1,2,1.0,3.0,1.0,3.0,0.52,1.92,1.0,6.0,4.0,0.0,F. Dionisi
2020-10-31,Inter,Parma,2,2,15.0,2.0,1.0,1.0,3.08,0.96,9.0,3.0,1.0,7.0,M. Piccinini
2020-10-31,Bologna,Cagliari,3,2,7.0,3.0,3.0,3.0,3.08,0.96,9.0,3.0,1.0,6.0,M. Fabbri
2020-11-01,Udinese,AC Milan,1,2,2.0,4.0,2.0,2.0,0.84,1.28,2.0,4.0,2.0,1.0,M. Di Bello
2020-11-01,Torino,Lazio,3,4,7.0,1.0,2.0,4.0,1.48,1.6,4.0,5.0,0.0,1.0,D. Chiffi
2020-11-01,Spezia,Juventus,1,4,4.0,3.0,3.0,1.0,1.16,1.28,3.0,4.0,0.0,2.0,R. Abisso
2020-11-01,Napoli,Sassuolo,0,2,12.0,3.0,2.0,2.0,2.12,1.28,6.0,4.0,2.0,6.0,M. Mariani
2020-11-01,AS Roma,Fiorentina,2,0,7.0,4.0,3.0,4.0,2.12,0.32,6.0,1.0,1.0,4.0,D. Orsato
2020-11-01,Sampdoria,Genoa,1,1,7.0,4.0,5.0,1.0,1.16,1.28,3.0,4.0,3.0,2.0,F. La Penna
2020-11-02,Hellas Verona,Benevento,3,1,4.0,5.0,5.0,6.0,2.12,1.6,6.0,5.0,4.0,3.0,J. Sacchi
2020-11-04,Genoa,Torino,1,2,5.0,2.0,2.0,4.0,0.84,0.32,2.0,1.0,0.0,1.0,P. Valeri
2020-11-06,Sassuolo,Udinese,0,0,3.0,6.0,2.0,2.0,0.52,0.0,1.0,0.0,0.0,1.0,E. Abbattista
2020-11-07,Cagliari,Sampdoria,2,0,2.0,6.0,0.0,4.0,1.8,0.32,5.0,1.0,1.0,3.0,G. Ayroldi
2020-11-07,Benevento,Spezia,0,3,2.0,4.0,3.0,3.0,0.52,1.92,1.0,6.0,3.0,1.0,G. Aureliano
2020-11-07,Parma,Fiorentina,0,0,2.0,3.0,1.0,2.0,0.2,1.28,0.0,4.0,4.0,0.0,F. La Penna
2020-11-08,Lazio,Juventus,1,1,4.0,2.0,2.0,2.0,1.48,1.6,4.0,5.0,4.0,3.0,D. Massa
2020-11-08,Genoa,AS Roma,1,3,1.0,8.0,1.0,0.0,1.8,2.88,5.0,9.0,6.0,4.0,M. Irrati
2020-11-08,Atalanta,Inter,1,1,2.0,5.0,1.0,3.0,0.84,0.96,2.0,3.0,2.0,1.0,D. Doveri
2020-11-08,Torino,Crotone,0,0,6.0,3.0,3.0,6.0,0.2,0.64,0.0,2.0,2.0,0.0,F. Fourneau
2020-11-08,Bologna,Napoli,0,1,4.0,7.0,3.0,0.0,1.16,1.28,3.0,4.0,3.0,3.0,F. Pasqua
2020-11-08,AC Milan,Hellas Verona,2,2,14.0,1.0,1.0,3.0,2.76,0.64,8.0,2.0,1.0,7.0,M. Guida
2020-11-21,Crotone,Lazio,0,2,2.0,6.0,3.0,4.0,1.48,2.88,4.0,9.0,7.0,4.0,J. Sacchi
2020-11-21,Spezia,Atalanta,0,0,1.0,2.0,3.0,3.0,0.84,1.28,2.0,4.0,4.0,2.0,A. Rapuano
2020-11-21,Juventus,Cagliari,2,0,9.0,1.0,3.0,2.0,2.12,0.0,6.0,0.0,0.0,5.0,F. Maresca
2020-11-22,Fiorentina,Benevento,0,1,4.0,4.0,2.0,3.0,0.84,1.28,2.0,4.0,3.0,2.0,D. Ghersini
2020-11-22,AS Roma,Parma,3,0,4.0,1.0,1.0,1.0,2.44,0.32,7.0,1.0,1.0,4.0,G. Manganiello
2020-11-22,Sampdoria,Bologna,1,2,9.0,10.0,2.0,2.0,1.48,0.96,4.0,3.0,2.0,3.0,L. Marinelli
2020-11-22,Hellas Verona,Sassuolo,0,2,6.0,1.0,1.0,3.0,1.16,1.28,3.0,4.0,2.0,3.0,D. Chiffi
2020-11-22,Inter,Torino,4,2,1.0,1.0,3.0,2.0,1.48,1.92,4.0,6.0,4.0,0.0,F. La Penna
2020-11-22,Udinese,Genoa,1,0,4.0,8.0,2.0,5.0,0.84,0.32,2.0,1.0,1.0,1.0,G. Calvarese
2020-11-22,Napoli,AC Milan,1,3,8.0,5.0,5.0,4.0,2.44,2.24,7.0,7.0,4.0,6.0,P. Valeri
2020-11-28,Sassuolo,Inter,0,3,6.0,2.0,3.0,1.0,1.16,1.28,3.0,4.0,2.0,3.0,M. Irrati
2020-11-28,Benevento,Juventus,1,1,5.0,8.0,6.0,3.0,1.16,1.6,3.0,5.0,4.0,2.0,F. Pasqua
2020-11-28,Atalanta,Hellas Verona,0,2,4.0,1.0,2.0,3.0,1.8,0.64,5.0,2.0,0.0,5.0,D. Massa
2020-11-29,Lazio,Udinese,1,3,4.0,4.0,3.0,4.0,2.12,1.28,6.0,4.0,1.0,5.0,G. Aureliano
2020-11-29,AC Milan,Fiorentina,2,0,3.0,6.0,2.0,4.0,1.48,0.96,4.0,3.0,3.0,2.0,R. Abisso
2020-11-29,Bologna,Crotone,1,0,10.0,3.0,2.0,4.0,2.44,0.32,7.0,1.0,1.0,6.0,M. Serra
2020-11-29,Cagliari,Spezia,2,2,4.0,5.0,0.0,4.0,1.8,1.6,5.0,5.0,3.0,3.0,V. Marini
2020-11-29,Napoli,AS Roma,4,0,11.0,4.0,1.0,2.0,2.76,0.32,8.0,1.0,1.0,4.0,M. Di Bello
2020-11-30,Torino,Sampdoria,2,2,6.0,2.0,1.0,2.0,2.44,0.64,7.0,2.0,0.0,5.0,D. Doveri
2020-11-30,Genoa,Parma,1,2,2.0,2.0,2.0,2.0,1.8,0.96,5.0,3.0,1.0,4.0,M. Mariani
2020-12-05,Spezia,Lazio,1,2,7.0,0.0,3.0,1.0,1.48,0.64,4.0,2.0,0.0,3.0,D. Chiffi
2020-12-05,Juventus,Torino,2,1,13.0,1.0,5.0,3.0,1.48,0.64,4.0,2.0,1.0,2.0,D. Orsato
2020-12-05,Inter,Bologna,3,1,7.0,3.0,1.0,2.0,2.44,2.24,7.0,7.0,6.0,4.0,P. Valeri
2020-12-06,Hellas Verona,Cagliari,1,1,7.0,5.0,2.0,0.0,1.16,0.96,3.0,3.0,2.0,2.0,G. Manganiello
2020-12-06,AS Roma,Sassuolo,0,0,12.0,5.0,7.0,3.0,0.52,0.32,1.0,1.0,1.0,1.0,F. Maresca
2020-12-06,Parma,Benevento,0,0,6.0,3.0,4.0,4.0,0.2,0.64,0.0,2.0,2.0,0.0,J. Sacchi
2020-12-06,Crotone,Napoli,0,4,4.0,1.0,5.0,3.0,0.52,1.92,1.0,6.0,2.0,1.0,L. Marinelli
2020-12-06,Sampdoria,AC Milan,1,2,9.0,6.0,2.0,1.0,1.16,1.92,3.0,6.0,3.0,2.0,G. Calvarese
2020-12-07,Fiorentina,Genoa,1,1,5.0,1.0,2.0,2.0,2.44,0.96,7.0,3.0,2.0,5.0,D. Doveri
2020-12-11,Sassuolo,Benevento,1,0,1.0,10.0,4.0,4.0,0.84,1.28,2.0,4.0,4.0,1.0,S. Sozza
2020-12-12,Crotone,Spezia,4,1,1.0,4.0,3.0,3.0,2.44,1.6,7.0,5.0,4.0,3.0,A. Giua
2020-12-12,Torino,Udinese,2,3,2.0,2.0,3.0,3.0,1.16,0.96,3.0,3.0,0.0,1.0,D. Massa
2020-12-12,Lazio,Hellas Verona,1,2,5.0,3.0,5.0,3.0,1.48,1.28,4.0,4.0,3.0,4.0,R. Abisso
2020-12-13,Cagliari,Inter,1,3,3.0,9.0,2.0,1.0,1.16,3.52,3.0,11.0,8.0,2.0,F. Pasqua
2020-12-13,Napoli,Sampdoria,2,1,7.0,5.0,3.0,4.0,2.44,0.96,7.0,3.0,2.0,5.0,F. La Penna
2020-12-13,Atalanta,Fiorentina,3,0,11.0,2.0,1.0,2.0,2.44,0.64,7.0,2.0,2.0,4.0,M. Mariani
2020-12-13,Bologna,AS Roma,1,5,1.0,5.0,4.0,2.0,0.52,2.24,1.0,7.0,3.0,1.0,G. Calvarese
2020-12-13,Genoa,Juventus,1,3,0.0,10.0,3.0,3.0,0.84,3.2,2.0,10.0,7.0,1.0,M. Di Bello
2020-12-13,AC Milan,Parma,2,2,13.0,1.0,3.0,3.0,2.12,0.64,6.0,2.0,0.0,4.0,F. Fourneau
2020-12-15,Udinese,Crotone,0,0,9.0,1.0,1.0,4.0,2.12,0.64,6.0,2.0,2.0,6.0,A. Di Martino
2020-12-15,Benevento,Lazio,1,1,4.0,8.0,4.0,2.0,2.12,0.64,6.0,2.0,1.0,5.0,L. Pairetto
2020-12-16,Juventus,Atalanta,1,1,2.0,6.0,3.0,2.0,2.44,1.92,7.0,6.0,5.0,6.0,D. Doveri
2020-12-16,Genoa,AC Milan,2,2,4.0,10.0,2.0,3.0,1.48,1.28,4.0,4.0,2.0,2.0,D. Orsato
2020-12-16,Fiorentina,Sassuolo,1,1,4.0,1.0,4.0,4.0,1.48,1.6,4.0,5.0,4.0,3.0,P. Valeri
2020-12-16,Hellas Verona,Sampdoria,1,2,6.0,3.0,4.0,4.0,1.16,0.96,3.0,3.0,1.0,2.0,R. Ros
2020-12-16,Inter,Napoli,1,0,4.0,3.0,5.0,5.0,0.84,0.96,2.0,3.0,3.0,1.0,D. Massa
2020-12-16,Spezia,Bologna,2,2,3.0,4.0,6.0,1.0,1.48,1.92,4.0,6.0,4.0,2.0,P. Giacomelli
2020-12-16,Parma,Cagliari,0,0,8.0,5.0,1.0,1.0,0.84,1.28,2.0,4.0,4.0,2.0,I. Pezzuto
2020-12-17,AS Roma,Torino,3,1,4.0,2.0,4.0,5.0,1.8,1.92,5.0,6.0,5.0,2.0,R. Abisso
2020-12-19,Fiorentina,Hellas Verona,1,1,4.0,1.0,2.0,2.0,0.52,0.96,1.0,3.0,2.0,0.0,F. Fourneau
2020-12-19,Sampdoria,Crotone,3,1,3.0,1.0,2.0,2.0,1.48,0.64,4.0,2.0,1.0,1.0,G. Manganiello
2020-12-19,Parma,Juventus,0,4,4.0,9.0,0.0,1.0,1.48,2.24,4.0,7.0,3.0,4.0,G. Calvarese
2020-12-20,Torino,Bologna,1,1,4.0,8.0,1.0,3.0,1.48,1.92,4.0,6.0,5.0,3.0,F. Pasqua
2020-12-20,Sassuolo,AC Milan,1,2,6.0,4.0,1.0,3.0,1.8,1.6,5.0,5.0,3.0,4.0,M. Mariani
2020-12-20,Cagliari,Udinese,1,1,5.0,7.0,2.0,1.0,1.16,1.28,3.0,4.0,3.0,2.0,M. Piccinini
2020-12-20,Inter,Spezia,2,1,3.0,2.0,1.0,2.0,1.48,0.32,4.0,1.0,0.0,2.0,M. Fabbri
2020-12-20,Benevento,Genoa,2,0,6.0,5.0,1.0,3.0,1.16,0.64,3.0,2.0,2.0,1.0,A. Giua
2020-12-20,Atalanta,AS Roma,4,1,2.0,2.0,2.0,3.0,2.76,0.96,8.0,3.0,2.0,3.0,M. Di Bello
2020-12-20,Lazio,Napoli,2,0,4.0,9.0,4.0,3.0,0.84,1.92,2.0,6.0,6.0,0.0,D. Orsato
2020-12-22,Crotone,Parma,2,1,3.0,6.0,4.0,6.0,2.12,2.24,6.0,7.0,6.0,4.0,F. Maresca
2020-12-22,Juventus,Fiorentina,0,3,5.0,5.0,3.0,4.0,1.16,1.6,3.0,5.0,3.0,3.0,F. La Penna
2020-12-23,Hellas Verona,Inter,1,2,2.0,8.0,4.0,2.0,0.84,1.6,2.0,5.0,3.0,1.0,P. Giacomelli
2020-12-23,AC Milan,Lazio,3,2,4.0,6.0,2.0,4.0,1.8,2.24,5.0,7.0,5.0,2.0,M. Di Bello
2020-12-23,Napoli,Torino,1,1,4.0,3.0,3.0,3.0,2.12,0.96,6.0,3.0,2.0,5.0,P. Valeri
2020-12-23,Udinese,Benevento,0,2,7.0,1.0,1.0,2.0,1.16,1.28,3.0,4.0,2.0,3.0,M. Volpi
2020-12-23,AS Roma,Cagliari,3,2,6.0,0.0,3.0,2.0,2.76,0.64,8.0,2.0,0.0,5.0,L. Pairetto
2020-12-23,Sampdoria,Sassuolo,2,3,14.0,6.0,4.0,4.0,2.12,2.56,6.0,8.0,5.0,4.0,G. Ayroldi
2020-12-23,Bologna,Atalanta,2,2,1.0,5.0,2.0,2.0,1.16,1.92,3.0,6.0,4.0,1.0,D. Chiffi
2020-12-23,Spezia,Genoa,1,2,4.0,2.0,3.0,4.0,1.48,1.6,4.0,5.0,3.0,3.0,D. Massa
2021-01-03,Inter,Crotone,6,2,3.0,3.0,0.0,3.0,2.76,0.96,8.0,3.0,1.0,3.0,G. Aureliano
2021-01-03,Cagliari,Napoli,1,4,3.0,8.0,6.0,1.0,0.52,3.52,1.0,11.0,7.0,0.0,G. Manganiello
2021-01-03,Genoa,Lazio,1,1,4.0,9.0,2.0,4.0,1.16,0.96,3.0,3.0,2.0,2.0,G. Calvarese
2021-01-03,AS Roma,Sampdoria,1,0,8.0,2.0,3.0,5.0,2.12,0.64,6.0,2.0,2.0,5.0,D. Chiffi
2021-01-03,Atalanta,Sassuolo,5,1,8.0,3.0,3.0,1.0,2.44,1.28,7.0,4.0,3.0,3.0,F. Maresca
2021-01-03,Fiorentina,Bologna,0,0,8.0,5.0,4.0,3.0,0.2,0.96,0.0,3.0,3.0,0.0,D. Orsato
2021-01-03,Spezia,Hellas Verona,0,1,3.0,5.0,8.0,0.0,0.52,0.96,1.0,3.0,2.0,1.0,L. Pairetto
2021-01-03,Parma,Torino,0,3,9.0,3.0,2.0,2.0,1.48,1.6,4.0,5.0,2.0,4.0,D. Doveri
2021-01-03,Benevento,AC Milan,0,2,12.0,4.0,1.0,5.0,1.8,0.64,5.0,2.0,0.0,5.0,F. Pasqua
2021-01-03,Juventus,Udinese,4,1,7.0,1.0,3.0,0.0,3.4,0.96,10.0,3.0,2.0,6.0,P. Giacomelli
2021-01-06,Cagliari,Benevento,1,2,7.0,6.0,6.0,3.0,1.8,1.28,5.0,4.0,2.0,4.0,E. Abbattista
2021-01-06,Lazio,Fiorentina,2,1,2.0,9.0,3.0,1.0,1.16,1.6,3.0,5.0,4.0,1.0,R. Abisso
2021-01-06,Sassuolo,Genoa,2,1,8.0,2.0,3.0,3.0,1.16,0.64,3.0,2.0,1.0,2.0,M. Fabbri
2021-01-06,Sampdoria,Inter,2,1,4.0,10.0,3.0,4.0,1.16,2.24,3.0,7.0,6.0,1.0,P. Valeri
2021-01-06,Atalanta,Parma,3,0,12.0,3.0,1.0,1.0,2.12,0.0,6.0,0.0,0.0,3.0,J. Sacchi
2021-01-06,Bologna,Udinese,2,2,4.0,6.0,6.0,3.0,2.12,1.92,6.0,6.0,4.0,4.0,G. Ayroldi
2021-01-06,Crotone,AS Roma,1,3,3.0,4.0,2.0,3.0,1.8,1.28,5.0,4.0,1.0,3.0,M. Piccinini
2021-01-06,Torino,Hellas Verona,1,1,9.0,3.0,1.0,3.0,0.84,0.64,2.0,2.0,1.0,1.0,M. Di Bello
2021-01-06,Napoli,Spezia,1,2,10.0,2.0,2.0,7.0,3.4,0.96,10.0,3.0,1.0,8.0,M. Mariani
2021-01-06,AC Milan,Juventus,1,3,7.0,4.0,1.0,2.0,2.76,1.92,8.0,6.0,3.0,8.0,M. Irrati
2021-01-09,Benevento,Atalanta,1,4,1.0,11.0,3.0,2.0,0.84,3.84,2.0,12.0,8.0,1.0,G. Manganiello
2021-01-09,Genoa,Bologna,2,0,1.0,4.0,2.0,0.0,2.44,0.96,7.0,3.0,3.0,5.0,D. Doveri
2021-01-09,AC Milan,Torino,2,0,7.0,5.0,6.0,2.0,1.48,0.32,4.0,1.0,2.0,2.0,F. Maresca
2021-01-10,AS Roma,Inter,2,2,3.0,7.0,3.0,3.0,2.76,1.92,8.0,6.0,4.0,6.0,M. Di Bello
2021-01-10,Udinese,Napoli,1,2,2.0,7.0,3.0,1.0,2.76,1.92,8.0,6.0,4.0,7.0,F. Pasqua
2021-01-10,Hellas Verona,Crotone,2,1,6.0,4.0,3.0,3.0,2.12,0.64,6.0,2.0,1.0,4.0,L. Massimi
2021-01-10,Parma,Lazio,0,2,5.0,6.0,4.0,1.0,1.16,1.6,3.0,5.0,3.0,3.0,L. Pairetto
2021-01-10,Fiorentina,Cagliari,1,0,9.0,5.0,1.0,3.0,1.48,0.64,4.0,2.0,2.0,3.0,P. Giacomelli
2021-01-10,Juventus,Sassuolo,3,1,6.0,3.0,4.0,3.0,2.76,0.64,8.0,2.0,1.0,5.0,D. Massa
2021-01-11,Spezia,Sampdoria,2,1,4.0,2.0,4.0,3.0,1.48,0.96,4.0,3.0,2.0,2.0,M. Piccinini
2021-01-15,Lazio,AS Roma,3,0,1.0,7.0,5.0,4.0,2.76,0.32,8.0,1.0,2.0,5.0,D. Orsato
2021-01-16,Bologna,Hellas Verona,1,0,7.0,3.0,2.0,1.0,1.8,0.32,5.0,1.0,1.0,4.0,M. Mariani
2021-01-16,Torino,Spezia,0,0,6.0,2.0,3.0,6.0,0.52,0.96,1.0,3.0,3.0,1.0,M. Fabbri
2021-01-16,Sampdoria,Udinese,2,1,11.0,5.0,1.0,1.0,2.12,1.28,6.0,4.0,4.0,4.0,J. Sacchi
2021-01-17,Napoli,Fiorentina,6,0,1.0,4.0,1.0,0.0,2.44,0.64,7.0,2.0,1.0,1.0,D. Chiffi
2021-01-17,Sassuolo,Parma,1,1,5.0,2.0,3.0,2.0,1.48,0.64,4.0,2.0,1.0,3.0,I. Pezzuto
2021-01-17,Crotone,Benevento,4,1,4.0,13.0,1.0,5.0,1.16,1.6,3.0,5.0,4.0,0.0,S. Sozza
2021-01-17,Atalanta,Genoa,0,0,9.0,1.0,1.0,2.0,0.84,0.96,2.0,3.0,3.0,3.0,L. Marinelli
2021-01-17,Inter,Juventus,2,0,3.0,4.0,2.0,2.0,1.8,1.28,5.0,4.0,4.0,3.0,D. Doveri
2021-01-18,Cagliari,AC Milan,0,2,7.0,4.0,2.0,5.0,0.84,1.92,2.0,6.0,4.0,2.0,R. Abisso
2021-01-20,Udinese,Atalanta,1,1,2.0,7.0,3.0,2.0,0.52,1.28,1.0,4.0,3.0,0.0,G. Calvarese
2021-01-22,Benevento,Torino,2,2,6.0,4.0,1.0,3.0,1.16,1.6,3.0,5.0,3.0,1.0,P. Giacomelli
2021-01-23,AS Roma,Spezia,4,3,3.0,1.0,3.0,1.0,2.44,0.96,7.0,3.0,0.0,3.0,L. Pairetto
2021-01-23,AC Milan,Atalanta,0,3,5.0,7.0,2.0,1.0,0.84,2.24,2.0,7.0,4.0,2.0,M. Mariani
2021-01-23,Udinese,Inter,0,0,3.0,4.0,3.0,2.0,0.52,1.28,1.0,4.0,4.0,1.0,F. Maresca
2021-01-23,Fiorentina,Crotone,2,1,5.0,3.0,2.0,2.0,2.12,0.96,6.0,3.0,2.0,4.0,M. Piccinini
2021-01-24,Juventus,Bologna,2,0,7.0,6.0,3.0,2.0,3.72,0.64,11.0,2.0,3.0,9.0,J. Sacchi
2021-01-24,Genoa,Cagliari,1,0,4.0,7.0,1.0,2.0,1.8,1.28,5.0,4.0,4.0,4.0,M. Di Bello
2021-01-24,Hellas Verona,Napoli,3,1,3.0,3.0,2.0,3.0,2.44,0.64,7.0,2.0,1.0,4.0,M. Fabbri
2021-01-24,Lazio,Sassuolo,2,1,9.0,6.0,2.0,3.0,2.12,0.32,6.0,1.0,0.0,4.0,A. Giua
2021-01-24,Parma,Sampdoria,0,2,5.0,5.0,1.0,1.0,2.12,0.96,6.0,3.0,1.0,5.0,G. Manganiello
2021-01-29,Torino,Fiorentina,1,1,7.0,2.0,2.0,6.0,1.16,0.32,3.0,1.0,0.0,2.0,M. Di Bello
2021-01-30,Bologna,AC Milan,1,2,6.0,4.0,2.0,1.0,1.8,3.2,5.0,10.0,8.0,4.0,D. Doveri
2021-01-30,Sampdoria,Juventus,0,2,5.0,8.0,4.0,2.0,0.52,0.96,1.0,3.0,1.0,1.0,M. Fabbri
2021-01-30,Inter,Benevento,4,0,7.0,3.0,0.0,2.0,2.12,0.0,6.0,0.0,0.0,3.0,F. Pasqua
2021-01-31,Spezia,Udinese,0,1,2.0,2.0,8.0,6.0,1.8,0.96,5.0,3.0,2.0,5.0,A. Di Martino
2021-01-31,Cagliari,Sassuolo,1,1,3.0,14.0,2.0,3.0,1.8,1.28,5.0,4.0,3.0,3.0,M. Mariani
2021-01-31,Atalanta,Lazio,1,3,2.0,2.0,0.0,2.0,1.16,2.24,3.0,7.0,4.0,2.0,D. Chiffi
2021-01-31,Crotone,Genoa,0,3,3.0,11.0,3.0,1.0,1.48,1.28,4.0,4.0,1.0,4.0,P. Giacomelli
2021-01-31,Napoli,Parma,2,0,7.0,6.0,2.0,4.0,1.16,0.32,3.0,1.0,1.0,1.0,F. La Penna
2021-01-31,AS Roma,Hellas Verona,3,1,4.0,5.0,2.0,1.0,2.12,0.32,6.0,1.0,0.0,3.0,M. Piccinini
2021-02-05,Fiorentina,Inter,0,2,7.0,7.0,3.0,1.0,1.16,1.92,3.0,6.0,4.0,3.0,F. La Penna
2021-02-06,Sassuolo,Spezia,1,2,5.0,5.0,2.0,3.0,1.48,1.92,4.0,6.0,3.0,3.0,J. Sacchi
2021-02-06,Atalanta,Torino,3,3,4.0,3.0,3.0,2.0,1.16,1.92,3.0,6.0,2.0,1.0,F. Fourneau
2021-02-06,Juventus,AS Roma,2,0,2.0,9.0,2.0,2.0,0.84,0.96,2.0,3.0,3.0,1.0,D. Orsato
2021-02-06,Genoa,Napoli,2,1,1.0,6.0,2.0,3.0,0.84,2.88,2.0,9.0,8.0,0.0,G. Manganiello
2021-02-07,Benevento,Sampdoria,1,1,2.0,10.0,4.0,2.0,1.16,1.6,3.0,5.0,4.0,2.0,G. Aureliano
2021-02-07,AC Milan,Crotone,4,0,8.0,6.0,3.0,1.0,3.72,0.64,11.0,2.0,2.0,6.0,L. Pairetto
2021-02-07,Udinese,Hellas Verona,2,0,10.0,8.0,2.0,4.0,2.76,0.0,8.0,0.0,0.0,6.0,A. Santoro
2021-02-07,Parma,Bologna,0,3,5.0,1.0,2.0,1.0,1.8,1.6,5.0,5.0,2.0,5.0,M. Guida
2021-02-07,Lazio,Cagliari,1,0,12.0,2.0,2.0,2.0,2.12,0.64,6.0,2.0,2.0,5.0,M. Irrati
2021-02-12,Bologna,Benevento,1,1,8.0,3.0,3.0,2.0,0.84,1.92,2.0,6.0,5.0,1.0,D. Ghersini
2021-02-13,Torino,Genoa,0,0,3.0,5.0,2.0,4.0,0.84,0.64,2.0,2.0,2.0,2.0,F. Pasqua
2021-02-13,Napoli,Juventus,1,0,3.0,9.0,2.0,3.0,0.84,1.92,2.0,6.0,6.0,1.0,D. Doveri
2021-02-13,Spezia,AC Milan,2,0,5.0,2.0,3.0,1.0,1.48,0.0,4.0,0.0,0.0,2.0,D. Chiffi
2021-02-14,AS Roma,Udinese,3,0,7.0,2.0,2.0,0.0,1.8,0.32,5.0,1.0,1.0,2.0,P. Giacomelli
2021-02-14,Cagliari,Atalanta,0,1,6.0,6.0,3.0,3.0,0.52,0.64,1.0,2.0,1.0,1.0,M. Piccinini
2021-02-14,Sampdoria,Fiorentina,2,1,6.0,7.0,1.0,3.0,1.16,1.92,3.0,6.0,5.0,1.0,F. Maresca
2021-02-14,Crotone,Sassuolo,1,2,7.0,8.0,1.0,1.0,1.48,1.28,4.0,4.0,2.0,3.0,I. Pezzuto
2021-02-14,Inter,Lazio,3,1,4.0,0.0,2.0,1.0,2.44,1.92,7.0,6.0,5.0,4.0,M. Fabbri
2021-02-15,Hellas Verona,Parma,2,1,4.0,4.0,4.0,2.0,1.48,0.64,4.0,2.0,2.0,3.0,L. Massimi
2021-02-19,Fiorentina,Spezia,3,0,0.0,6.0,4.0,0.0,1.8,0.64,5.0,2.0,2.0,2.0,G. Calvarese
2021-02-19,Cagliari,Torino,0,1,8.0,3.0,3.0,2.0,0.52,1.6,1.0,5.0,4.0,1.0,D. Orsato
2021-02-20,Lazio,Sampdoria,1,0,4.0,5.0,4.0,3.0,2.12,0.0,6.0,0.0,0.0,5.0,D. Massa
2021-02-20,Genoa,Hellas Verona,2,2,5.0,1.0,1.0,1.0,1.16,0.96,3.0,3.0,1.0,1.0,M. Marchetti
2021-02-20,Sassuolo,Bologna,1,1,10.0,6.0,1.0,2.0,2.76,0.64,8.0,2.0,1.0,7.0,F. La Penna
2021-02-21,Parma,Udinese,2,2,3.0,2.0,7.0,4.0,1.8,0.96,5.0,3.0,1.0,3.0,M. Irrati
2021-02-21,AC Milan,Inter,0,3,7.0,7.0,2.0,1.0,2.76,1.92,8.0,6.0,3.0,8.0,D. Doveri
2021-02-21,Atalanta,Napoli,4,2,6.0,2.0,2.0,1.0,1.8,0.64,5.0,2.0,1.0,1.0,M. Di Bello
2021-02-21,Benevento,AS Roma,0,0,1.0,9.0,6.0,1.0,1.16,1.28,3.0,4.0,3.0,3.0,L. Pairetto
2021-02-22,Juventus,Crotone,3,0,7.0,3.0,3.0,1.0,2.76,0.64,8.0,2.0,2.0,5.0,V. Marini
2021-02-27,Spezia,Parma,2,2,8.0,2.0,3.0,4.0,1.48,1.6,4.0,5.0,3.0,2.0,D. Orsato
2021-02-27,Bologna,Lazio,2,0,4.0,7.0,1.0,2.0,2.12,2.24,6.0,7.0,8.0,4.0,P. Giacomelli
2021-02-27,Hellas Verona,Juventus,1,1,8.0,5.0,2.0,2.0,1.48,1.6,4.0,5.0,4.0,3.0,F. Maresca
2021-02-28,Sampdoria,Atalanta,0,2,5.0,6.0,1.0,3.0,1.16,2.56,3.0,8.0,6.0,2.0,L. Marinelli
2021-02-28,Udinese,Fiorentina,1,0,3.0,9.0,1.0,2.0,1.16,0.64,3.0,2.0,2.0,2.0,M. Volpi
2021-02-28,Crotone,Cagliari,0,2,7.0,4.0,2.0,6.0,1.16,1.28,3.0,4.0,2.0,2.0,M. Fabbri
2021-02-28,Inter,Genoa,3,0,9.0,1.0,0.0,2.0,4.04,0.64,12.0,2.0,2.0,10.0,D. Chiffi
2021-02-28,Napoli,Benevento,2,0,8.0,2.0,5.0,2.0,1.8,0.96,5.0,3.0,3.0,3.0,R. Abisso
2021-02-28,AS Roma,AC Milan,1,2,5.0,8.0,3.0,3.0,2.76,2.88,8.0,9.0,7.0,7.0,M. Guida
2021-03-02,Juventus,Spezia,3,0,5.0,10.0,2.0,0.0,2.44,0.32,7.0,1.0,1.0,4.0,J. Sacchi
2021-03-03,Sassuolo,Napoli,3,3,6.0,4.0,2.0,2.0,1.8,1.6,5.0,5.0,2.0,3.0,V. Marini
2021-03-03,AC Milan,Udinese,1,1,7.0,2.0,4.0,1.0,2.44,0.64,7.0,2.0,0.0,6.0,D. Massa
2021-03-03,Cagliari,Bologna,1,0,10.0,4.0,2.0,2.0,1.8,1.6,5.0,5.0,5.0,2.0,M. Di Bello
2021-03-03,Genoa,Sampdoria,1,1,2.0,4.0,1.0,0.0,0.52,1.28,1.0,4.0,3.0,0.0,L. Pairetto
2021-03-03,Atalanta,Crotone,5,1,4.0,3.0,0.0,2.0,3.72,0.64,11.0,2.0,1.0,6.0,S. Sozza
2021-03-03,Fiorentina,AS Roma,1,2,2.0,3.0,1.0,2.0,0.84,1.92,2.0,6.0,4.0,2.0,G. Calvarese
2021-03-03,Benevento,Hellas Verona,0,3,2.0,7.0,0.0,1.0,0.52,1.28,1.0,4.0,2.0,1.0,G. Ayroldi
2021-03-04,Parma,Inter,1,2,2.0,2.0,0.0,1.0,0.84,1.92,2.0,6.0,4.0,1.0,F. Pasqua
2021-03-06,Spezia,Benevento,1,1,3.0,1.0,2.0,4.0,1.16,0.64,3.0,2.0,1.0,2.0,F. Fourneau
2021-03-06,Udinese,Sassuolo,2,0,5.0,6.0,1.0,0.0,2.44,0.64,7.0,2.0,2.0,5.0,L. Maggioni
2021-03-06,Juventus,Lazio,3,1,4.0,4.0,0.0,1.0,1.8,1.28,5.0,4.0,3.0,2.0,D. Massa
2021-03-07,AS Roma,Genoa,1,0,7.0,1.0,1.0,4.0,0.84,0.64,2.0,2.0,2.0,1.0,M. Fabbri
2021-03-07,Crotone,Torino,4,2,8.0,8.0,4.0,5.0,2.44,1.28,7.0,4.0,2.0,3.0,M. Guida
2021-03-07,Fiorentina,Parma,3,3,3.0,3.0,0.0,3.0,0.84,1.6,2.0,5.0,2.0,0.0,R. Abisso
2021-03-07,Hellas Verona,AC Milan,0,2,8.0,1.0,2.0,0.0,0.52,0.96,1.0,3.0,1.0,0.0,D. Orsato
2021-03-07,Sampdoria,Cagliari,2,2,3.0,5.0,4.0,3.0,1.8,1.28,5.0,4.0,2.0,3.0,P. Giacomelli
2021-03-07,Napoli,Bologna,3,1,6.0,3.0,2.0,0.0,2.44,1.28,7.0,4.0,3.0,4.0,D. Chiffi
2021-03-08,Inter,Atalanta,1,0,7.0,7.0,0.0,1.0,0.52,0.96,1.0,3.0,2.0,0.0,M. Mariani
2021-03-12,Lazio,Crotone,3,2,5.0,1.0,0.0,3.0,2.12,0.96,6.0,3.0,1.0,3.0,A. Rapuano
2021-03-12,Atalanta,Spezia,3,1,3.0,5.0,2.0,0.0,2.44,0.96,7.0,3.0,2.0,4.0,V. Marini
2021-03-13,Sassuolo,Hellas Verona,3,2,6.0,5.0,3.0,2.0,2.76,1.92,8.0,6.0,3.0,4.0,A. Prontera
2021-03-13,Benevento,Fiorentina,1,4,8.0,3.0,3.0,1.0,1.48,1.6,4.0,5.0,1.0,3.0,P. Giacomelli
2021-03-13,Genoa,Udinese,1,1,6.0,3.0,3.0,1.0,0.84,0.96,2.0,3.0,2.0,1.0,G. Camplone
2021-03-14,Bologna,Sampdoria,3,1,2.0,6.0,2.0,2.0,2.44,1.28,7.0,4.0,3.0,3.0,M. Irrati
2021-03-14,Torino,Inter,1,2,1.0,8.0,0.0,1.0,1.16,0.96,3.0,3.0,1.0,2.0,P. Valeri
2021-03-14,Parma,AS Roma,2,0,0.0,12.0,3.0,3.0,1.48,1.92,4.0,6.0,6.0,2.0,M. Piccinini
2021-03-14,Cagliari,Juventus,1,3,8.0,5.0,0.0,2.0,1.48,1.92,4.0,6.0,3.0,3.0,G. Calvarese
2021-03-14,AC Milan,Napoli,0,1,5.0,4.0,3.0,2.0,1.8,1.28,5.0,4.0,3.0,5.0,F. Pasqua
2021-03-17,Torino,Sassuolo,3,2,6.0,3.0,1.0,2.0,3.72,1.28,11.0,4.0,1.0,8.0,M. Mariani
2021-03-19,Parma,Genoa,1,2,1.0,3.0,5.0,2.0,2.76,0.64,8.0,2.0,0.0,7.0,D. Doveri
2021-03-20,Crotone,Bologna,2,3,10.0,3.0,4.0,7.0,1.48,2.88,4.0,9.0,6.0,2.0,F. Fourneau
2021-03-20,Spezia,Cagliari,2,1,4.0,4.0,1.0,2.0,1.8,1.92,5.0,6.0,6.0,3.0,M. Mariani
2021-03-21,Hellas Verona,Atalanta,0,2,4.0,7.0,3.0,2.0,0.52,1.92,1.0,6.0,4.0,1.0,L. Pairetto
2021-03-21,Udinese,Lazio,0,1,6.0,11.0,1.0,3.0,1.16,1.92,3.0,6.0,5.0,3.0,F. Maresca
2021-03-21,Juventus,Benevento,0,1,9.0,1.0,2.0,4.0,2.44,0.32,7.0,1.0,0.0,8.0,R. Abisso
2021-03-21,Sampdoria,Torino,1,0,1.0,7.0,0.0,1.0,0.84,0.0,2.0,0.0,0.0,1.0,D. Orsato
2021-03-21,Fiorentina,AC Milan,2,3,8.0,8.0,1.0,3.0,0.84,0.96,2.0,3.0,3.0,3.0,M. Guida
2021-03-21,AS Roma,Napoli,0,2,6.0,4.0,5.0,3.0,1.16,1.6,3.0,5.0,3.0,3.0,M. Di Bello
2021-04-03,AC Milan,Sampdoria,1,1,5.0,5.0,2.0,7.0,1.16,1.28,3.0,4.0,3.0,1.0,M. Piccinini
2021-04-03,Lazio,Spezia,2,1,3.0,4.0,7.0,3.0,1.8,0.96,5.0,3.0,2.0,3.0,A. Giua
2021-04-03,Sassuolo,AS Roma,2,2,3.0,4.0,4.0,3.0,2.12,2.56,6.0,8.0,6.0,4.0,L. Pairetto
2021-04-03,Cagliari,Hellas Verona,0,2,6.0,5.0,1.0,3.0,1.8,1.6,5.0,5.0,3.0,5.0,D. Doveri
2021-04-03,Napoli,Crotone,4,3,4.0,6.0,0.0,4.0,2.76,1.28,8.0,4.0,1.0,4.0,A. Di Martino
2021-04-03,Genoa,Fiorentina,1,1,4.0,2.0,2.0,3.0,0.52,0.96,1.0,3.0,2.0,0.0,F. Maresca
2021-04-03,Atalanta,Udinese,3,2,4.0,1.0,0.0,2.0,2.76,0.96,8.0,3.0,1.0,5.0,G. Manganiello
2021-04-03,Benevento,Parma,2,2,3.0,3.0,2.0,1.0,1.48,1.92,4.0,6.0,4.0,2.0,D. Massa
2021-04-03,Torino,Juventus,2,2,5.0,6.0,3.0,2.0,2.12,2.56,6.0,8.0,6.0,4.0,M. Fabbri
2021-04-03,Bologna,Inter,0,1,4.0,4.0,4.0,4.0,0.84,0.96,2.0,3.0,2.0,2.0,P. Giacomelli
2021-04-07,Juventus,Napoli,2,1,2.0,6.0,1.0,2.0,1.16,1.28,3.0,4.0,3.0,1.0,M. Mariani
2021-04-07,Inter,Sassuolo,2,1,1.0,8.0,2.0,3.0,0.84,0.96,2.0,3.0,2.0,0.0,M. Irrati
2021-04-10,Spezia,Crotone,3,2,3.0,4.0,1.0,1.0,1.16,1.6,3.0,5.0,3.0,0.0,S. Sozza
2021-04-10,Parma,AC Milan,1,3,7.0,3.0,4.0,6.0,1.8,1.6,5.0,5.0,2.0,4.0,F. Maresca
2021-04-10,Udinese,Torino,0,1,5.0,4.0,0.0,3.0,1.48,0.32,4.0,1.0,0.0,4.0,D. Doveri
2021-04-11,Inter,Cagliari,1,0,5.0,0.0,1.0,1.0,2.44,0.32,7.0,1.0,1.0,6.0,L. Pairetto
2021-04-11,Juventus,Genoa,3,1,8.0,6.0,3.0,3.0,4.04,0.96,12.0,3.0,2.0,9.0,M. Di Bello
2021-04-11,Sampdoria,Napoli,0,2,8.0,7.0,0.0,3.0,1.48,2.56,4.0,8.0,6.0,4.0,P. Valeri
2021-04-11,Hellas Verona,Lazio,0,1,5.0,4.0,0.0,2.0,0.2,0.32,0.0,1.0,3.0,3.0,D. Chiffi
2021-04-11,AS Roma,Bologna,1,0,4.0,6.0,3.0,1.0,2.12,1.28,6.0,4.0,4.0,5.0,M. Guida
2021-04-11,Fiorentina,Atalanta,2,3,0.0,6.0,3.0,1.0,0.84,2.56,2.0,8.0,5.0,0.0,J. Sacchi
2021-04-12,Benevento,Sassuolo,0,1,3.0,8.0,3.0,2.0,1.16,1.6,3.0,5.0,5.0,3.0,V. Marini
2021-04-17,Sampdoria,Hellas Verona,3,1,5.0,7.0,3.0,3.0,1.8,1.6,5.0,5.0,4.0,2.0,F. Dionisi
2021-04-17,Crotone,Udinese,1,2,5.0,7.0,0.0,4.0,0.84,1.6,2.0,5.0,3.0,1.0,L. Massimi
2021-04-17,Sassuolo,Fiorentina,3,1,3.0,4.0,3.0,5.0,1.8,1.6,5.0,5.0,4.0,2.0,G. Aureliano
2021-04-17,Cagliari,Parma,4,3,0.0,4.0,4.0,2.0,1.8,1.6,5.0,5.0,2.0,1.0,P. Valeri
2021-04-18,AC Milan,Genoa,2,1,5.0,4.0,0.0,1.0,1.48,1.28,4.0,4.0,1.0,3.0,G. Calvarese
2021-04-18,Lazio,Benevento,5,3,5.0,4.0,2.0,3.0,2.44,1.92,7.0,6.0,3.0,4.0,D. Ghersini
2021-04-18,Atalanta,Juventus,1,0,3.0,8.0,3.0,2.0,0.84,0.32,2.0,1.0,1.0,1.0,D. Orsato
2021-04-18,Bologna,Spezia,4,1,4.0,8.0,1.0,1.0,1.8,1.28,5.0,4.0,3.0,1.0,M. Piccinini
2021-04-18,Torino,AS Roma,3,1,11.0,3.0,2.0,4.0,3.72,1.28,11.0,4.0,3.0,8.0,D. Massa
2021-04-18,Napoli,Inter,1,1,3.0,3.0,5.0,2.0,0.52,0.64,1.0,2.0,1.0,1.0,D. Doveri
2021-04-20,Hellas Verona,Fiorentina,1,2,5.0,3.0,2.0,3.0,1.8,1.28,5.0,4.0,2.0,3.0,A. Prontera
2021-04-21,AC Milan,Sassuolo,1,2,3.0,7.0,0.0,1.0,2.12,1.6,6.0,5.0,4.0,5.0,J. Sacchi
2021-04-21,Udinese,Cagliari,0,1,2.0,5.0,0.0,2.0,0.84,1.28,2.0,4.0,3.0,2.0,M. Guida
2021-04-21,Genoa,Benevento,2,2,3.0,0.0,2.0,0.0,1.48,0.64,4.0,2.0,0.0,2.0,L. Pairetto
2021-04-21,Juventus,Parma,3,1,6.0,6.0,2.0,2.0,2.12,0.96,6.0,3.0,1.0,3.0,P. Giacomelli
2021-04-21,Bologna,Torino,1,1,3.0,7.0,4.0,2.0,0.52,0.96,1.0,3.0,2.0,0.0,V. Marini
2021-04-21,Crotone,Sampdoria,0,1,2.0,6.0,1.0,1.0,1.48,1.6,4.0,5.0,4.0,4.0,D. Paterna
2021-04-21,Spezia,Inter,1,1,0.0,8.0,2.0,0.0,0.52,1.6,1.0,5.0,4.0,0.0,D. Chiffi
2021-04-22,AS Roma,Atalanta,1,1,4.0,8.0,6.0,4.0,1.16,2.56,3.0,8.0,7.0,2.0,G. Calvarese
2021-04-22,Napoli,Lazio,5,2,2.0,3.0,4.0,4.0,2.76,0.96,8.0,3.0,1.0,3.0,M. Di Bello
2021-04-24,Genoa,Spezia,2,0,0.0,3.0,2.0,2.0,2.12,0.32,6.0,1.0,1.0,4.0,G. Manganiello
2021-04-24,Parma,Crotone,3,4,7.0,5.0,3.0,2.0,1.16,1.28,3.0,4.0,3.0,3.0,A. Rapuano
2021-04-24,Sassuolo,Sampdoria,1,0,8.0,3.0,1.0,1.0,2.44,0.64,7.0,2.0,2.0,6.0,M. Gariglio
2021-04-25,Benevento,Udinese,2,4,11.0,2.0,2.0,2.0,2.44,1.6,7.0,5.0,1.0,5.0,M. Mariani
2021-04-25,Fiorentina,Juventus,1,1,7.0,2.0,3.0,1.0,1.48,0.32,4.0,1.0,0.0,3.0,D. Massa
2021-04-25,Inter,Hellas Verona,1,0,3.0,8.0,0.0,3.0,1.16,0.32,3.0,1.0,1.0,2.0,R. Abisso
2021-04-25,Cagliari,AS Roma,3,2,4.0,10.0,3.0,1.0,2.12,2.24,6.0,7.0,5.0,3.0,M. Irrati
2021-04-25,Atalanta,Bologna,5,0,8.0,3.0,0.0,3.0,3.4,0.96,10.0,3.0,3.0,4.0,M. Fabbri
2021-04-26,Torino,Napoli,0,2,8.0,11.0,5.0,1.0,1.8,2.24,5.0,7.0,5.0,5.0,P. Valeri
2021-04-26,Lazio,AC Milan,3,0,1.0,9.0,2.0,0.0,1.8,1.6,5.0,5.0,5.0,2.0,D. Orsato
2021-05-01,Hellas Verona,Spezia,1,1,5.0,5.0,6.0,2.0,1.8,0.64,5.0,2.0,1.0,4.0,M. Volpi
2021-05-01,Crotone,Inter,0,2,4.0,11.0,1.0,2.0,0.52,1.6,1.0,5.0,3.0,1.0,A. Prontera
2021-05-01,AC Milan,Benevento,2,0,6.0,7.0,2.0,0.0,3.72,0.32,11.0,1.0,1.0,9.0,G. Calvarese
2021-05-02,Lazio,Genoa,4,3,7.0,4.0,3.0,4.0,3.72,1.6,11.0,5.0,3.0,7.0,P. Giacomelli
2021-05-02,Sassuolo,Atalanta,1,1,4.0,4.0,8.0,3.0,1.48,2.56,4.0,8.0,6.0,3.0,L. Pairetto
2021-05-02,Napoli,Cagliari,1,1,3.0,1.0,1.0,3.0,1.8,1.28,5.0,4.0,3.0,4.0,M. Fabbri
2021-05-02,Bologna,Fiorentina,3,3,3.0,5.0,2.0,2.0,2.12,0.96,6.0,3.0,0.0,3.0,F. Dionisi
2021-05-02,Udinese,Juventus,1,2,2.0,6.0,3.0,0.0,0.84,1.28,2.0,4.0,2.0,1.0,D. Chiffi
2021-05-02,Sampdoria,AS Roma,2,0,8.0,8.0,0.0,3.0,2.44,0.96,7.0,3.0,3.0,5.0,J. Sacchi
2021-05-03,Torino,Parma,1,0,5.0,2.0,0.0,3.0,1.16,0.32,3.0,1.0,1.0,2.0,G. Aureliano
2021-05-08,Udinese,Bologna,1,1,5.0,10.0,1.0,1.0,1.16,1.28,3.0,4.0,3.0,2.0,A. Santoro
2021-05-08,Spezia,Napoli,1,4,1.0,2.0,3.0,2.0,0.84,1.92,2.0,6.0,2.0,1.0,M. Irrati
2021-05-08,Inter,Sampdoria,5,1,2.0,8.0,0.0,2.0,2.44,0.96,7.0,3.0,2.0,2.0,G. Ayroldi
2021-05-08,Fiorentina,Lazio,2,0,5.0,7.0,4.0,10.0,1.48,0.96,4.0,3.0,3.0,3.0,F. Maresca
2021-05-09,Genoa,Sassuolo,1,2,8.0,2.0,2.0,0.0,1.48,1.92,4.0,6.0,5.0,3.0,M. Mariani
2021-05-09,Hellas Verona,Torino,1,1,9.0,3.0,3.0,3.0,2.12,0.96,6.0,3.0,2.0,5.0,D. Massa
2021-05-09,Benevento,Cagliari,1,3,4.0,5.0,2.0,2.0,2.44,0.96,7.0,3.0,0.0,6.0,D. Doveri
2021-05-09,Parma,Atalanta,2,5,1.0,3.0,1.0,1.0,0.84,3.84,2.0,12.0,7.0,0.0,A. Giua
2021-05-09,AS Roma,Crotone,5,0,8.0,4.0,2.0,0.0,3.4,0.64,10.0,2.0,2.0,5.0,S. Sozza
2021-05-09,Juventus,AC Milan,0,3,8.0,2.0,2.0,2.0,0.52,1.6,1.0,5.0,2.0,1.0,P. Valeri
2021-05-11,Napoli,Udinese,5,1,8.0,3.0,0.0,1.0,3.08,0.32,9.0,1.0,0.0,4.0,G. Calvarese
2021-05-12,Cagliari,Fiorentina,0,0,3.0,1.0,1.0,2.0,0.2,0.0,0.0,0.0,3.0,3.0,M. Mariani
2021-05-12,Lazio,Parma,1,0,7.0,2.0,1.0,3.0,1.8,1.28,5.0,4.0,4.0,4.0,F. Dionisi
2021-05-12,Sassuolo,Juventus,1,3,3.0,5.0,1.0,2.0,1.16,2.24,3.0,7.0,4.0,2.0,P. Giacomelli
2021-05-12,Sampdoria,Spezia,2,2,5.0,5.0,2.0,2.0,1.8,1.92,5.0,6.0,4.0,3.0,F. Maresca
2021-05-12,Atalanta,Benevento,2,0,7.0,5.0,2.0,7.0,1.48,0.0,4.0,0.0,0.0,2.0,D. Massa
2021-05-12,Bologna,Genoa,0,2,12.0,4.0,1.0,2.0,2.12,2.24,6.0,7.0,5.0,6.0,F. Fourneau
2021-05-12,Torino,AC Milan,0,7,2.0,3.0,2.0,1.0,0.52,2.56,1.0,8.0,1.0,1.0,M. Guida
2021-05-12,Inter,AS Roma,3,1,5.0,8.0,0.0,4.0,1.8,1.6,5.0,5.0,4.0,2.0,D. Chiffi
2021-05-13,Crotone,Hellas Verona,2,1,0.0,9.0,3.0,1.0,1.48,0.96,4.0,3.0,3.0,2.0,L. Massimi
2021-05-15,Genoa,Atalanta,3,4,2.0,4.0,1.0,2.0,2.12,1.92,6.0,6.0,2.0,3.0,L. Marinelli
2021-05-15,Spezia,Torino,4,1,3.0,6.0,3.0,5.0,2.76,0.96,8.0,3.0,2.0,4.0,D. Orsato
2021-05-15,Juventus,Inter,3,2,4.0,3.0,7.0,7.0,2.12,0.96,6.0,3.0,2.0,3.0,G. Calvarese
2021-05-15,AS Roma,Lazio,2,0,4.0,4.0,2.0,4.0,0.84,1.28,2.0,4.0,4.0,0.0,L. Pairetto
2021-05-16,Fiorentina,Napoli,0,2,3.0,6.0,7.0,2.0,1.16,1.92,3.0,6.0,5.0,3.0,R. Abisso
2021-05-16,Udinese,Sampdoria,0,1,6.0,3.0,3.0,1.0,0.84,1.92,2.0,6.0,5.0,2.0,M. Gariglio
2021-05-16,Benevento,Crotone,1,1,8.0,4.0,2.0,4.0,2.76,0.64,8.0,2.0,1.0,7.0,P. Giacomelli
2021-05-16,Parma,Sassuolo,1,3,2.0,12.0,1.0,0.0,2.76,2.88,8.0,9.0,7.0,7.0,M. Piccinini
2021-05-16,AC Milan,Cagliari,0,0,9.0,7.0,2.0,2.0,0.84,0.64,2.0,2.0,2.0,2.0,D. Massa
2021-05-17,Hellas Verona,Bologna,2,2,4.0,4.0,3.0,3.0,0.84,1.6,2.0,5.0,3.0,0.0,M. Marchetti
2021-05-18,Lazio,Torino,0,0,4.0,0.0,4.0,0.0,2.44,0.96,7.0,3.0,3.0,7.0,M. Fabbri
2021-05-22,Cagliari,Genoa,0,1,8.0,4.0,1.0,6.0,1.8,1.6,5.0,5.0,4.0,4.0,"Francesco Meraviglia, Italy"
2021-05-22,Sampdoria,Parma,3,0,2.0,4.0,1.0,1.0,1.48,0.32,4.0,1.0,1.0,1.0,"Daniele Paterna, Italy"
2021-05-22,Crotone,Fiorentina,0,0,6.0,5.0,2.0,2.0,1.16,0.64,3.0,2.0,1.0,3.0,"Eugenio Abbattista, Italy"
2021-05-23,Inter,Udinese,5,1,3.0,2.0,1.0,0.0,2.44,0.64,7.0,2.0,1.0,2.0,"Manuel Volpi, Italy"
2021-05-23,Sassuolo,Lazio,2,0,3.0,3.0,4.0,1.0,1.48,0.64,4.0,2.0,2.0,2.0,"Alessandro Prontera, Italy"
2021-05-23,Napoli,Hellas Verona,1,1,5.0,3.0,3.0,4.0,0.84,0.96,2.0,3.0,2.0,1.0,"Daniele Chiffi, Italy"
2021-05-23,Atalanta,AC Milan,0,2,3.0,0.0,5.0,2.0,0.52,0.64,1.0,2.0,0.0,1.0,"Maurizio Mariani, Italy"
2021-05-23,Bologna,Juventus,1,4,3.0,0.0,1.0,2.0,1.8,2.88,5.0,9.0,5.0,4.0,"Paolo Valeri, Italy"
2021-05-23,Torino,Benevento,1,1,7.0,3.0,0.0,2.0,1.8,0.96,5.0,3.0,2.0,4.0,"Marco Di Bello, Italy"
2021-05-23,Spezia,AS Roma,2,2,5.0,2.0,0.0,1.0,2.76,3.2,8.0,10.0,8.0,6.0,"Ivano Pezzuto, Italy"
2022-08-13,AC Milan,Udinese,4,2,5.0,1.0,1.0,4.0,1.8,1.28,5.0,4.0,2.0,1.0,L. Marinelli
2022-08-13,Sampdoria,Atalanta,0,2,3.0,2.0,4.0,6.0,0.52,0.96,1.0,3.0,1.0,1.0,F. Dionisi
2022-08-13,Lecce,Inter,1,2,6.0,8.0,4.0,2.0,1.48,2.88,4.0,9.0,7.0,3.0,A. Prontera
2022-08-13,Monza,Torino,1,2,2.0,7.0,1.0,2.0,1.48,1.92,4.0,6.0,4.0,3.0,M. Mariani
2022-08-14,Lazio,Bologna,2,1,3.0,2.0,4.0,8.0,2.12,0.96,6.0,3.0,2.0,5.0,L. Massimi
2022-08-14,Fiorentina,Cremonese,3,2,11.0,4.0,0.0,5.0,3.72,1.28,11.0,4.0,2.0,8.0,J. Sacchi
2022-08-14,Salernitana,AS Roma,0,1,4.0,2.0,3.0,2.0,0.84,1.6,2.0,5.0,3.0,2.0,S. Sozza
2022-08-14,Spezia,Empoli,1,0,6.0,4.0,2.0,1.0,0.84,1.6,2.0,5.0,5.0,1.0,D. Chiffi
2022-08-15,Hellas Verona,Napoli,2,5,4.0,8.0,2.0,2.0,1.16,2.56,3.0,8.0,3.0,1.0,M. Fabbri
2022-08-15,Juventus,Sassuolo,3,0,3.0,2.0,1.0,3.0,1.48,2.24,4.0,7.0,7.0,1.0,A. Rapuano
2022-08-20,Udinese,Salernitana,0,0,6.0,6.0,4.0,4.0,0.84,1.92,2.0,6.0,6.0,2.0,G. Aureliano
2022-08-20,Torino,Lazio,0,0,6.0,4.0,0.0,5.0,0.52,0.64,1.0,2.0,2.0,1.0,M. Piccinini
2022-08-20,Sassuolo,Lecce,1,0,5.0,4.0,5.0,1.0,1.16,0.32,3.0,1.0,1.0,2.0,A. Colombo
2022-08-20,Inter,Spezia,3,0,10.0,4.0,1.0,1.0,2.76,0.0,8.0,0.0,0.0,5.0,D. Ghersini
2022-08-21,Napoli,Monza,4,0,10.0,4.0,2.0,1.0,1.8,0.32,5.0,1.0,2.0,1.0,F. Fourneau
2022-08-21,Empoli,Fiorentina,0,0,1.0,9.0,3.0,3.0,0.84,0.64,2.0,2.0,2.0,2.0,M. Marchetti
2022-08-21,Atalanta,AC Milan,1,1,4.0,6.0,4.0,3.0,0.84,2.24,2.0,7.0,6.0,1.0,F. Maresca
2022-08-21,Bologna,Hellas Verona,1,1,9.0,8.0,5.0,3.0,1.8,0.96,5.0,3.0,2.0,4.0,M. Marcenaro
2022-08-22,AS Roma,Cremonese,1,0,5.0,6.0,0.0,3.0,4.04,0.96,12.0,3.0,3.0,10.0,L. Massimi
2022-08-22,Sampdoria,Juventus,0,0,3.0,4.0,3.0,2.0,0.52,1.28,1.0,4.0,4.0,1.0,R. Abisso
2022-08-26,Monza,Udinese,1,2,3.0,5.0,3.0,2.0,1.8,1.28,5.0,4.0,2.0,4.0,M. Di Bello
2022-08-26,Lazio,Inter,3,1,2.0,4.0,2.0,1.0,2.44,2.24,7.0,7.0,6.0,4.0,M. Fabbri
2022-08-27,Juventus,AS Roma,1,1,4.0,5.0,2.0,2.0,1.16,1.28,3.0,4.0,3.0,2.0,M. Irrati
2022-08-27,Cremonese,Torino,1,2,3.0,3.0,0.0,3.0,2.12,1.6,6.0,5.0,4.0,5.0,P. Valeri
2022-08-27,AC Milan,Bologna,2,0,5.0,1.0,2.0,1.0,2.44,0.0,7.0,0.0,1.0,5.0,G. Manganiello
2022-08-27,Spezia,Sassuolo,2,2,2.0,6.0,4.0,1.0,0.84,2.56,2.0,8.0,6.0,0.0,F. Cosso
2022-08-28,Hellas Verona,Atalanta,0,1,7.0,6.0,3.0,3.0,0.84,2.24,2.0,7.0,6.0,2.0,A. Prontera
2022-08-28,Salernitana,Sampdoria,4,0,6.0,3.0,2.0,2.0,2.12,1.92,6.0,6.0,6.0,2.0,D. Massa
2022-08-28,Fiorentina,Napoli,0,0,2.0,3.0,2.0,3.0,1.8,0.64,5.0,2.0,2.0,5.0,L. Marinelli
2022-08-28,Lecce,Empoli,1,1,3.0,5.0,1.0,2.0,1.8,0.96,5.0,3.0,2.0,4.0,A. Santoro
2022-08-30,Sassuolo,AC Milan,0,0,3.0,8.0,5.0,2.0,1.16,0.64,3.0,2.0,2.0,3.0,G. Ayroldi
2022-08-30,AS Roma,Monza,3,0,5.0,4.0,0.0,3.0,2.76,0.32,8.0,1.0,1.0,5.0,M. Piccinini
2022-08-30,Inter,Cremonese,3,1,6.0,6.0,0.0,3.0,2.44,1.28,7.0,4.0,3.0,4.0,F. Fourneau
2022-08-31,Udinese,Fiorentina,1,0,3.0,7.0,1.0,2.0,1.16,0.64,3.0,2.0,2.0,2.0,M. Mariani
2022-08-31,Sampdoria,Lazio,1,1,5.0,7.0,0.0,2.0,1.16,1.92,3.0,6.0,5.0,2.0,G. Aureliano
2022-08-31,Empoli,Hellas Verona,1,1,7.0,10.0,0.0,4.0,1.48,0.96,4.0,3.0,2.0,3.0,M. Serra
2022-08-31,Napoli,Lecce,1,1,6.0,4.0,1.0,4.0,2.44,1.28,7.0,4.0,3.0,6.0,M. Marcenaro
2022-08-31,Juventus,Spezia,2,0,7.0,3.0,0.0,2.0,1.16,0.0,3.0,0.0,0.0,1.0,A. Colombo
2022-09-01,Atalanta,Torino,3,1,7.0,2.0,1.0,3.0,1.8,0.64,5.0,2.0,1.0,2.0,M. Di Bello
2022-09-01,Bologna,Salernitana,1,1,1.0,8.0,2.0,2.0,1.48,1.28,4.0,4.0,3.0,3.0,D. Ghersini
2022-09-03,Fiorentina,Juventus,1,1,10.0,2.0,1.0,3.0,1.8,0.32,5.0,1.0,0.0,4.0,D. Doveri
2022-09-03,AC Milan,Inter,3,2,2.0,5.0,5.0,2.0,1.8,1.6,5.0,5.0,3.0,2.0,D. Chiffi
2022-09-03,Lazio,Napoli,1,2,6.0,8.0,4.0,0.0,0.84,2.24,2.0,7.0,5.0,1.0,S. Sozza
2022-09-04,Cremonese,Sassuolo,0,0,2.0,3.0,1.0,1.0,0.2,2.24,0.0,7.0,7.0,0.0,L. Pairetto
2022-09-04,Spezia,Bologna,2,2,7.0,2.0,4.0,1.0,1.8,1.92,5.0,6.0,4.0,4.0,A. Giua
2022-09-04,Hellas Verona,Sampdoria,2,1,7.0,2.0,2.0,2.0,3.08,0.96,9.0,3.0,2.0,8.0,P. Valeri
2022-09-04,Udinese,AS Roma,4,0,3.0,7.0,3.0,2.0,1.8,0.64,5.0,2.0,2.0,1.0,F. Maresca
2022-09-05,Salernitana,Empoli,2,2,6.0,7.0,3.0,2.0,1.48,1.6,4.0,5.0,3.0,2.0,R. Abisso
2022-09-05,Monza,Atalanta,0,2,4.0,9.0,1.0,1.0,1.16,1.92,3.0,6.0,5.0,3.0,J. Sacchi
2022-09-05,Torino,Lecce,1,0,4.0,4.0,2.0,1.0,1.48,0.64,4.0,2.0,2.0,3.0,M. Volpi
2022-09-10,Napoli,Spezia,1,0,10.0,5.0,1.0,2.0,2.12,0.32,6.0,1.0,1.0,5.0,A. Santoro
2022-09-10,Inter,Torino,1,0,6.0,5.0,1.0,2.0,1.16,2.24,3.0,7.0,7.0,2.0,G. Ayroldi
2022-09-10,Sampdoria,AC Milan,1,2,2.0,4.0,5.0,4.0,1.48,1.28,4.0,4.0,2.0,3.0,M. Fabbri
2022-09-11,Atalanta,Cremonese,1,1,3.0,3.0,3.0,5.0,2.12,1.28,6.0,4.0,3.0,5.0,A. Colombo
2022-09-11,Sassuolo,Udinese,1,3,5.0,6.0,3.0,3.0,0.84,1.28,2.0,4.0,1.0,1.0,G. Camplone
2022-09-11,Bologna,Fiorentina,2,1,6.0,8.0,1.0,6.0,1.48,0.64,4.0,2.0,1.0,2.0,D. Orsato
2022-09-11,Lecce,Monza,1,1,8.0,5.0,3.0,3.0,1.16,0.32,3.0,1.0,0.0,2.0,L. Pairetto
2022-09-11,Lazio,Hellas Verona,2,0,3.0,5.0,2.0,5.0,2.12,0.32,6.0,1.0,1.0,4.0,M. Irrati
2022-09-11,Juventus,Salernitana,2,2,8.0,2.0,9.0,6.0,2.76,1.6,8.0,5.0,3.0,5.0,M. Marcenaro
2022-09-12,Empoli,AS Roma,1,2,7.0,7.0,5.0,1.0,1.16,2.24,3.0,7.0,4.0,2.0,L. Marinelli
2022-09-16,Salernitana,Lecce,1,2,4.0,5.0,1.0,3.0,1.48,1.28,4.0,4.0,2.0,4.0,D. Doveri
2022-09-17,Bologna,Empoli,0,1,5.0,8.0,2.0,3.0,1.16,1.6,3.0,5.0,4.0,3.0,M. Volpi
2022-09-17,Spezia,Sampdoria,2,1,3.0,6.0,4.0,5.0,1.16,2.56,3.0,8.0,7.0,2.0,S. Sozza
2022-09-17,Torino,Sassuolo,0,1,4.0,3.0,4.0,1.0,1.16,1.6,3.0,5.0,4.0,3.0,N. Baroni
2022-09-18,Udinese,Inter,3,1,7.0,4.0,3.0,4.0,2.12,1.28,6.0,4.0,3.0,4.0,P. Valeri
2022-09-18,Fiorentina,Hellas Verona,2,0,7.0,3.0,4.0,4.0,3.4,0.32,10.0,1.0,1.0,7.0,A. Rapuano
2022-09-18,Cremonese,Lazio,0,4,8.0,5.0,1.0,1.0,1.48,1.92,4.0,6.0,2.0,4.0,D. Orsato
2022-09-18,Monza,Juventus,1,0,5.0,3.0,2.0,3.0,1.48,0.64,4.0,2.0,2.0,3.0,F. Maresca
2022-09-18,AS Roma,Atalanta,0,1,5.0,1.0,0.0,7.0,1.8,0.32,5.0,1.0,0.0,5.0,D. Chiffi
2022-09-18,AC Milan,Napoli,1,2,9.0,4.0,4.0,3.0,1.8,1.28,5.0,4.0,2.0,4.0,M. Mariani
2022-10-01,Napoli,Torino,3,1,4.0,4.0,0.0,2.0,2.44,0.96,7.0,3.0,2.0,4.0,L. Massimi
2022-10-01,Inter,AS Roma,1,2,5.0,1.0,4.0,3.0,0.84,0.96,2.0,3.0,1.0,1.0,D. Massa
2022-10-01,Empoli,AC Milan,1,3,3.0,7.0,3.0,2.0,1.48,1.92,4.0,6.0,3.0,3.0,G. Aureliano
2022-10-02,Lazio,Spezia,4,0,3.0,6.0,0.0,2.0,2.12,0.64,6.0,2.0,1.0,2.0,J. Sacchi
2022-10-02,Sassuolo,Salernitana,5,0,1.0,2.0,1.0,1.0,3.72,0.32,11.0,1.0,1.0,6.0,M. Ferrieri Caputi
2022-10-02,Sampdoria,Monza,0,3,2.0,4.0,2.0,2.0,0.52,1.92,1.0,6.0,3.0,1.0,G. Ayroldi
2022-10-02,Lecce,Cremonese,1,1,1.0,8.0,3.0,1.0,0.52,1.28,1.0,4.0,3.0,0.0,L. Marinelli
2022-10-02,Atalanta,Fiorentina,1,0,1.0,5.0,2.0,2.0,1.8,1.6,5.0,5.0,5.0,4.0,M. Irrati
2022-10-02,Juventus,Bologna,3,0,2.0,4.0,0.0,1.0,2.12,0.32,6.0,1.0,1.0,3.0,R. Abisso
2022-10-03,Hellas Verona,Udinese,1,2,4.0,9.0,3.0,3.0,0.84,2.56,2.0,8.0,6.0,1.0,D. Minelli
2022-10-08,Sassuolo,Inter,1,2,6.0,5.0,3.0,2.0,1.16,1.28,3.0,4.0,2.0,2.0,S. Sozza
2022-10-08,AC Milan,Juventus,2,0,9.0,3.0,2.0,3.0,1.16,0.96,3.0,3.0,3.0,1.0,D. Orsato
2022-10-08,Bologna,Sampdoria,1,1,2.0,5.0,2.0,3.0,1.16,0.96,3.0,3.0,2.0,2.0,M. Piccinini
2022-10-09,Torino,Empoli,1,1,6.0,1.0,2.0,4.0,2.44,0.64,7.0,2.0,1.0,6.0,F. Fourneau
2022-10-09,Udinese,Atalanta,2,2,5.0,3.0,2.0,3.0,0.84,1.6,2.0,5.0,3.0,0.0,D. Doveri
2022-10-09,Salernitana,Hellas Verona,2,1,1.0,6.0,5.0,5.0,1.48,0.64,4.0,2.0,1.0,2.0,D. Ghersini
2022-10-09,Monza,Spezia,2,0,3.0,6.0,3.0,2.0,1.48,0.32,4.0,1.0,1.0,2.0,D. Perenzoni
2022-10-09,Cremonese,Napoli,1,4,5.0,2.0,2.0,0.0,0.52,3.2,1.0,10.0,6.0,0.0,R. Abisso
2022-10-09,AS Roma,Lecce,2,1,13.0,4.0,2.0,4.0,2.12,0.96,6.0,3.0,2.0,4.0,A. Prontera
2022-10-10,Fiorentina,Lazio,0,4,9.0,2.0,4.0,1.0,1.16,1.92,3.0,6.0,2.0,3.0,F. Maresca
2022-10-15,Empoli,Monza,1,0,2.0,9.0,5.0,5.0,1.8,1.28,5.0,4.0,4.0,5.0,A. Rapuano
2022-10-15,Torino,Juventus,0,1,3.0,6.0,2.0,0.0,0.84,2.56,2.0,8.0,7.0,3.0,M. Mariani
2022-10-15,Atalanta,Sassuolo,2,1,3.0,3.0,1.0,4.0,1.48,0.96,4.0,3.0,2.0,2.0,M. Marcenaro
2022-10-16,Inter,Salernitana,2,0,6.0,4.0,0.0,1.0,2.12,0.96,6.0,3.0,3.0,4.0,J. Sacchi
2022-10-16,Lazio,Udinese,0,0,7.0,3.0,1.0,4.0,1.16,0.64,3.0,2.0,2.0,3.0,A. Colombo
2022-10-16,Spezia,Cremonese,2,2,6.0,8.0,2.0,0.0,2.12,1.28,6.0,4.0,2.0,4.0,G. Manganiello
2022-10-16,Napoli,Bologna,3,2,6.0,4.0,0.0,4.0,3.72,0.96,11.0,3.0,1.0,8.0,F. Cosso
2022-10-16,Hellas Verona,AC Milan,1,2,9.0,3.0,3.0,2.0,1.8,1.92,5.0,6.0,5.0,3.0,D. Massa
2022-10-17,Sampdoria,AS Roma,0,1,4.0,3.0,4.0,3.0,0.52,1.28,1.0,4.0,3.0,1.0,M. Di Bello
2022-10-17,Lecce,Fiorentina,1,1,2.0,8.0,7.0,4.0,0.84,1.6,2.0,5.0,4.0,1.0,L. Massimi
2022-10-21,Juventus,Empoli,4,0,6.0,4.0,2.0,2.0,2.44,1.28,7.0,4.0,4.0,3.0,M. Fabbri
2022-10-22,Salernitana,Spezia,1,0,4.0,7.0,2.0,4.0,1.48,0.64,4.0,2.0,2.0,3.0,D. Chiffi
2022-10-22,AC Milan,Monza,4,1,2.0,2.0,1.0,1.0,2.44,1.92,7.0,6.0,5.0,3.0,L. Marinelli
2022-10-22,Fiorentina,Inter,3,4,1.0,2.0,4.0,3.0,1.48,2.24,4.0,7.0,4.0,1.0,P. Valeri
2022-10-23,Udinese,Torino,1,2,7.0,4.0,2.0,4.0,1.48,1.92,4.0,6.0,4.0,3.0,M. Marchetti
2022-10-23,Bologna,Lecce,2,0,9.0,4.0,5.0,2.0,1.8,1.28,5.0,4.0,4.0,3.0,S. Sozza
2022-10-23,Atalanta,Lazio,0,2,5.0,8.0,6.0,2.0,0.2,1.6,0.0,5.0,3.0,0.0,R. Abisso
2022-10-23,AS Roma,Napoli,0,1,3.0,4.0,3.0,4.0,0.2,1.6,0.0,5.0,4.0,0.0,M. Irrati
2022-10-24,Cremonese,Sampdoria,0,1,5.0,1.0,3.0,4.0,1.48,1.28,4.0,4.0,3.0,4.0,F. Maresca
2022-10-24,Sassuolo,Hellas Verona,2,1,4.0,5.0,1.0,3.0,1.16,1.6,3.0,5.0,4.0,1.0,A. Santoro
2022-10-29,Napoli,Sassuolo,4,0,11.0,5.0,0.0,5.0,2.12,1.92,6.0,6.0,6.0,2.0,A. Rapuano
2022-10-29,Lecce,Juventus,0,1,7.0,7.0,3.0,5.0,0.2,1.6,0.0,5.0,4.0,0.0,D. Chiffi
2022-10-29,Inter,Sampdoria,3,0,3.0,3.0,1.0,6.0,2.76,0.64,8.0,2.0,3.0,5.0,L. Massimi
2022-10-30,Empoli,Atalanta,0,2,7.0,2.0,2.0,1.0,1.16,1.92,3.0,6.0,4.0,3.0,G. Ayroldi
2022-10-30,Spezia,Fiorentina,1,2,5.0,5.0,7.0,3.0,2.12,1.6,6.0,5.0,3.0,5.0,D. Massa
2022-10-30,Cremonese,Udinese,0,0,7.0,4.0,1.0,0.0,0.84,0.96,2.0,3.0,3.0,2.0,M. Irrati
2022-10-30,Lazio,Salernitana,1,3,4.0,5.0,3.0,3.0,1.48,1.92,4.0,6.0,3.0,3.0,G. Manganiello
2022-10-30,Torino,AC Milan,2,1,6.0,1.0,5.0,2.0,1.48,0.32,4.0,1.0,0.0,2.0,R. Abisso
2022-10-31,Hellas Verona,AS Roma,1,3,2.0,4.0,5.0,1.0,1.16,1.92,3.0,6.0,3.0,2.0,J. Sacchi
2022-10-31,Monza,Bologna,1,2,4.0,5.0,4.0,2.0,1.16,1.6,3.0,5.0,3.0,2.0,L. Pairetto
2022-11-04,Udinese,Lecce,1,1,3.0,2.0,2.0,3.0,1.8,0.32,5.0,1.0,0.0,4.0,F. Fourneau
2022-11-05,Empoli,Sassuolo,1,0,3.0,6.0,2.0,0.0,0.52,0.96,1.0,3.0,3.0,0.0,E. Feliciani
2022-11-05,Salernitana,Cremonese,2,2,2.0,2.0,2.0,2.0,0.84,1.6,2.0,5.0,3.0,0.0,M. Marchetti
2022-11-05,Atalanta,Napoli,1,2,5.0,2.0,5.0,1.0,1.8,1.6,5.0,5.0,3.0,3.0,M. Mariani
2022-11-05,AC Milan,Spezia,2,1,3.0,6.0,8.0,4.0,3.72,1.6,11.0,5.0,4.0,8.0,M. Fabbri
2022-11-06,Bologna,Torino,2,1,3.0,1.0,3.0,3.0,1.8,0.64,5.0,2.0,1.0,3.0,A. Giua
2022-11-06,Sampdoria,Fiorentina,0,2,4.0,4.0,1.0,0.0,0.84,1.28,2.0,4.0,1.0,2.0,L. Marinelli
2022-11-06,Monza,Hellas Verona,2,0,5.0,2.0,3.0,3.0,1.16,0.64,3.0,2.0,2.0,1.0,F. Cosso
2022-11-06,AS Roma,Lazio,0,1,4.0,2.0,2.0,3.0,0.84,0.96,2.0,3.0,2.0,2.0,D. Orsato
2022-11-06,Juventus,Inter,2,0,2.0,8.0,2.0,2.0,1.16,1.28,3.0,4.0,4.0,1.0,D. Doveri
2022-11-08,Napoli,Empoli,2,0,5.0,0.0,1.0,8.0,1.48,0.32,4.0,1.0,1.0,2.0,L. Pairetto
2022-11-08,Spezia,Udinese,1,1,9.0,0.0,3.0,3.0,2.12,0.64,6.0,2.0,1.0,5.0,M. Piccinini
2022-11-08,Cremonese,AC Milan,0,0,2.0,4.0,4.0,3.0,0.52,1.6,1.0,5.0,5.0,1.0,A. Rapuano
2022-11-09,Sassuolo,AS Roma,1,1,3.0,2.0,5.0,3.0,2.44,1.28,7.0,4.0,3.0,6.0,G. Ayroldi
2022-11-09,Lecce,Atalanta,2,1,4.0,3.0,1.0,2.0,1.16,1.28,3.0,4.0,3.0,1.0,G. Aureliano
2022-11-09,Fiorentina,Salernitana,2,1,4.0,3.0,0.0,1.0,2.44,0.32,7.0,1.0,0.0,5.0,F. La Penna
2022-11-09,Torino,Sampdoria,2,0,4.0,3.0,1.0,3.0,1.8,0.32,5.0,1.0,1.0,3.0,D. Massa
2022-11-09,Inter,Bologna,6,1,4.0,4.0,1.0,5.0,2.44,1.28,7.0,4.0,3.0,1.0,A. Colombo
2022-11-10,Hellas Verona,Juventus,0,1,5.0,4.0,3.0,4.0,0.84,0.96,2.0,3.0,2.0,2.0,M. Di Bello
2022-11-10,Lazio,Monza,1,0,4.0,3.0,2.0,1.0,1.48,0.0,4.0,0.0,0.0,3.0,A. Santoro
2022-11-11,Empoli,Cremonese,2,0,4.0,9.0,1.0,2.0,2.12,1.6,6.0,5.0,5.0,4.0,F. Dionisi
2022-11-12,Napoli,Udinese,3,2,5.0,3.0,2.0,3.0,1.8,1.28,5.0,4.0,2.0,2.0,G. Ayroldi
2022-11-12,Sampdoria,Lecce,0,2,9.0,0.0,2.0,3.0,0.84,0.96,2.0,3.0,1.0,2.0,D. Doveri
2022-11-12,Bologna,Sassuolo,3,0,4.0,6.0,1.0,0.0,1.48,0.96,4.0,3.0,3.0,1.0,I. Pezzuto
2022-11-13,Atalanta,Inter,2,3,5.0,4.0,0.0,3.0,2.44,0.96,7.0,3.0,1.0,5.0,D. Chiffi
2022-11-13,AS Roma,Torino,1,1,7.0,0.0,3.0,2.0,1.48,0.64,4.0,2.0,1.0,3.0,A. Rapuano
2022-11-13,Hellas Verona,Spezia,1,2,2.0,10.0,2.0,4.0,1.8,2.88,5.0,9.0,7.0,4.0,F. Maresca
2022-11-13,Monza,Salernitana,3,0,6.0,1.0,0.0,4.0,2.44,0.0,7.0,0.0,0.0,4.0,A. Giua
2022-11-13,AC Milan,Fiorentina,2,1,5.0,7.0,1.0,4.0,1.16,1.6,3.0,5.0,4.0,1.0,S. Sozza
2022-11-13,Juventus,Lazio,3,0,2.0,6.0,2.0,1.0,3.08,0.96,9.0,3.0,3.0,6.0,D. Massa
2023-01-04,Sassuolo,Sampdoria,1,2,9.0,1.0,2.0,3.0,1.48,1.28,4.0,4.0,2.0,3.0,F. Maresca
2023-01-04,Salernitana,AC Milan,1,2,6.0,2.0,4.0,1.0,0.52,3.2,1.0,10.0,9.0,0.0,F. Fourneau
2023-01-04,Torino,Hellas Verona,1,1,6.0,3.0,1.0,1.0,1.16,0.64,3.0,2.0,1.0,2.0,F. Dionisi
2023-01-04,Spezia,Atalanta,2,2,3.0,8.0,3.0,3.0,1.16,0.96,3.0,3.0,1.0,1.0,A. Giua
2023-01-04,AS Roma,Bologna,1,0,3.0,3.0,2.0,3.0,1.48,0.64,4.0,2.0,1.0,3.0,A. Santoro
2023-01-04,Lecce,Lazio,2,1,4.0,3.0,3.0,2.0,1.48,0.64,4.0,2.0,1.0,2.0,L. Marinelli
2023-01-04,Fiorentina,Monza,1,1,9.0,1.0,1.0,3.0,2.12,0.96,6.0,3.0,2.0,5.0,E. Feliciani
2023-01-04,Cremonese,Juventus,0,1,3.0,8.0,5.0,3.0,1.16,2.56,3.0,8.0,7.0,3.0,G. Ayroldi
2023-01-04,Udinese,Empoli,1,1,8.0,1.0,2.0,5.0,1.16,0.32,3.0,1.0,0.0,3.0,M. Serra
2023-01-04,Inter,Napoli,1,0,5.0,4.0,3.0,2.0,0.52,0.64,1.0,2.0,2.0,0.0,S. Sozza
2023-01-07,Fiorentina,Sassuolo,2,1,6.0,3.0,4.0,3.0,1.8,1.28,5.0,4.0,3.0,2.0,G. Manganiello
2023-01-07,Juventus,Udinese,1,0,6.0,4.0,1.0,2.0,1.48,0.96,4.0,3.0,3.0,3.0,M. Marchetti
2023-01-07,Monza,Inter,2,2,3.0,5.0,0.0,3.0,1.48,0.96,4.0,3.0,1.0,3.0,J. Sacchi
2023-01-08,Salernitana,Torino,1,1,6.0,7.0,2.0,3.0,1.48,2.56,4.0,8.0,7.0,3.0,A. Colombo
2023-01-08,Lazio,Empoli,2,2,10.0,3.0,4.0,1.0,1.48,0.64,4.0,2.0,0.0,2.0,I. Pezzuto
2023-01-08,Spezia,Lecce,0,0,5.0,7.0,0.0,1.0,0.84,1.28,2.0,4.0,4.0,2.0,D. Chiffi
2023-01-08,Sampdoria,Napoli,0,2,2.0,5.0,5.0,2.0,0.84,2.56,2.0,8.0,6.0,2.0,R. Abisso
2023-01-08,AC Milan,AS Roma,2,2,3.0,4.0,4.0,6.0,1.8,0.96,5.0,3.0,1.0,3.0,D. Massa
2023-01-09,Hellas Verona,Cremonese,2,0,3.0,5.0,3.0,4.0,1.48,1.6,4.0,5.0,5.0,2.0,M. Mariani
2023-01-09,Bologna,Atalanta,1,2,4.0,0.0,3.0,2.0,1.16,0.96,3.0,3.0,1.0,2.0,M. Di Bello
2023-01-13,Napoli,Juventus,5,1,2.0,5.0,0.0,1.0,3.4,0.64,10.0,2.0,2.0,5.0,D. Doveri
2023-01-14,Cremonese,Monza,2,3,4.0,2.0,2.0,4.0,2.44,0.96,7.0,3.0,0.0,6.0,D. Massa
2023-01-14,Lecce,AC Milan,2,2,8.0,4.0,1.0,2.0,1.16,1.6,3.0,5.0,3.0,2.0,D. Orsato
2023-01-14,Inter,Hellas Verona,1,0,3.0,4.0,0.0,3.0,1.16,0.32,3.0,1.0,1.0,2.0,M. Fabbri
2023-01-15,Sassuolo,Lazio,0,2,7.0,3.0,5.0,3.0,0.84,0.96,2.0,3.0,1.0,2.0,L. Pairetto
2023-01-15,Udinese,Bologna,1,2,6.0,4.0,1.0,3.0,1.48,0.64,4.0,2.0,0.0,3.0,M. Volpi
2023-01-15,Torino,Spezia,0,1,7.0,2.0,3.0,3.0,1.48,1.6,4.0,5.0,4.0,4.0,D. Ghersini
2023-01-15,Atalanta,Salernitana,8,2,5.0,2.0,1.0,0.0,4.36,0.64,13.0,2.0,0.0,5.0,G. Aureliano
2023-01-15,AS Roma,Fiorentina,2,0,5.0,9.0,3.0,6.0,1.48,0.96,4.0,3.0,2.0,2.0,A. Giua
2023-01-16,Empoli,Sampdoria,1,0,3.0,3.0,5.0,6.0,1.8,2.24,5.0,7.0,7.0,4.0,A. Santoro
2023-01-21,Hellas Verona,Lecce,2,0,5.0,4.0,3.0,0.0,0.48,0.76,4.0,3.0,3.0,2.0,F. La Penna
2023-01-21,Salernitana,Napoli,0,2,3.0,4.0,2.0,2.0,0.4,1.38,2.0,4.0,2.0,2.0,D. Chiffi
2023-01-21,Fiorentina,Torino,0,1,5.0,3.0,2.0,2.0,1.22,0.57,5.0,3.0,2.0,5.0,F. Dionisi
2023-01-22,Sampdoria,Udinese,0,1,6.0,6.0,3.0,1.0,1.28,1.35,1.0,5.0,4.0,1.0,M. Mariani
2023-01-22,Monza,Sassuolo,1,1,10.0,4.0,2.0,2.0,1.46,1.48,3.0,1.0,0.0,2.0,A. Prontera
2023-01-22,Spezia,AS Roma,0,2,4.0,0.0,3.0,1.0,0.25,1.98,0.0,3.0,2.0,0.0,S. Sozza
2023-01-22,Juventus,Atalanta,3,3,6.0,4.0,1.0,2.0,1.88,1.02,8.0,4.0,1.0,5.0,L. Marinelli
2023-01-23,Bologna,Cremonese,1,1,4.0,1.0,2.0,5.0,1.11,1.73,8.0,2.0,1.0,8.0,M. Marchetti
2023-01-23,Inter,Empoli,0,1,2.0,3.0,6.0,3.0,1.42,0.82,1.0,8.0,7.0,1.0,A. Rapuano
2023-01-24,Lazio,AC Milan,4,0,3.0,4.0,1.0,2.0,3.08,0.73,5.0,3.0,3.0,1.0,M. Di Bello
2023-01-27,Bologna,Spezia,2,0,5.0,5.0,2.0,2.0,1.63,0.48,6.0,4.0,5.0,4.0,L. Massimi
2023-01-27,Lecce,Salernitana,1,2,4.0,4.0,2.0,4.0,1.44,0.87,5.0,6.0,4.0,3.0,D. Massa
2023-01-28,Empoli,Torino,2,2,5.0,5.0,2.0,0.0,0.6,1.01,4.0,4.0,2.0,2.0,M. Marcenaro
2023-01-28,Cremonese,Inter,1,2,2.0,14.0,0.0,2.0,0.97,2.38,4.0,10.0,8.0,2.0,M. Mariani
2023-01-28,Atalanta,Sampdoria,2,0,7.0,4.0,0.0,2.0,1.83,0.84,5.0,5.0,5.0,3.0,D. Doveri
2023-01-29,AC Milan,Sassuolo,2,5,2.0,3.0,7.0,4.0,0.62,1.38,5.0,7.0,2.0,3.0,A. Giua
2023-01-29,Juventus,Monza,0,2,12.0,1.0,0.0,2.0,1.64,1.22,8.0,3.0,1.0,8.0,G. Aureliano
2023-01-29,Lazio,Fiorentina,1,1,3.0,4.0,2.0,3.0,0.94,1.38,1.0,6.0,5.0,0.0,A. Colombo
2023-01-29,Napoli,AS Roma,2,1,3.0,8.0,1.0,2.0,1.0,0.79,6.0,3.0,2.0,4.0,D. Orsato
2023-01-30,Udinese,Hellas Verona,1,1,14.0,6.0,1.0,3.0,1.94,0.76,8.0,2.0,2.0,7.0,L. Pairetto
2023-02-04,Cremonese,Lecce,0,2,4.0,8.0,1.0,2.0,0.55,1.46,3.0,4.0,2.0,3.0,D. Orsato
2023-02-04,AS Roma,Empoli,2,0,7.0,7.0,2.0,1.0,1.21,1.72,6.0,2.0,2.0,4.0,F. Dionisi
2023-02-04,Sassuolo,Atalanta,1,0,2.0,7.0,5.0,5.0,1.31,0.52,8.0,2.0,2.0,7.0,M. Marcenaro
2023-02-05,Spezia,Napoli,0,3,3.0,6.0,3.0,2.0,0.42,1.09,3.0,5.0,2.0,3.0,M. Di Bello
2023-02-05,Torino,Udinese,1,0,6.0,5.0,1.0,1.0,1.7,0.56,4.0,3.0,3.0,3.0,A. Prontera
2023-02-05,Fiorentina,Bologna,1,2,5.0,3.0,2.0,4.0,1.34,1.26,6.0,7.0,4.0,5.0,L. Pairetto
2023-02-05,Inter,AC Milan,1,0,8.0,0.0,2.0,5.0,0.87,0.32,4.0,0.0,0.0,3.0,D. Massa
2023-02-06,Hellas Verona,Lazio,1,1,6.0,5.0,4.0,1.0,1.26,0.94,4.0,2.0,1.0,3.0,G. Ayroldi
2023-02-06,Monza,Sampdoria,2,2,9.0,3.0,2.0,4.0,2.18,1.23,5.0,6.0,4.0,3.0,D. Chiffi
2023-02-07,Salernitana,Juventus,0,3,6.0,3.0,1.0,1.0,0.79,2.26,1.0,5.0,2.0,1.0,A. Rapuano
2023-02-10,AC Milan,Torino,1,0,3.0,8.0,1.0,4.0,1.37,0.81,4.0,2.0,2.0,3.0,G. Ayroldi
2023-02-11,Empoli,Spezia,2,2,7.0,3.0,3.0,7.0,1.62,1.63,8.0,3.0,1.0,6.0,A. Giua
2023-02-11,Lecce,AS Roma,1,1,3.0,7.0,4.0,1.0,0.34,2.04,3.0,5.0,4.0,3.0,G. Aureliano
2023-02-11,Lazio,Atalanta,0,2,5.0,7.0,1.0,2.0,0.96,3.02,5.0,10.0,8.0,5.0,D. Orsato
2023-02-12,Udinese,Sassuolo,2,2,10.0,7.0,2.0,2.0,1.65,0.73,8.0,1.0,0.0,5.0,I. Pezzuto
2023-02-12,Bologna,Monza,0,1,3.0,2.0,1.0,4.0,0.9,0.57,4.0,4.0,3.0,4.0,L. Zufferli
2023-02-12,Juventus,Fiorentina,1,0,5.0,6.0,5.0,2.0,1.02,0.69,3.0,2.0,2.0,2.0,M. Fabbri
2023-02-12,Napoli,Cremonese,3,0,9.0,7.0,0.0,2.0,1.77,0.17,10.0,1.0,1.0,6.0,L. Massimi
2023-02-13,Hellas Verona,Salernitana,1,0,5.0,1.0,2.0,3.0,1.19,0.9,4.0,3.0,3.0,3.0,P. Valeri
2023-02-13,Sampdoria,Inter,0,0,3.0,7.0,3.0,1.0,0.52,1.84,2.0,5.0,5.0,2.0,F. Maresca
2023-02-17,Sassuolo,Napoli,0,2,1.0,3.0,2.0,2.0,0.77,1.67,2.0,4.0,2.0,2.0,A. Colombo
2023-02-18,Sampdoria,Bologna,1,2,1.0,8.0,3.0,1.0,2.35,0.85,4.0,5.0,3.0,3.0,M. Irrati
2023-02-18,Monza,AC Milan,0,1,10.0,3.0,4.0,2.0,0.5,2.25,5.0,8.0,6.0,5.0,A. Rapuano
2023-02-18,Inter,Udinese,3,1,3.0,8.0,2.0,2.0,3.01,0.81,7.0,1.0,0.0,4.0,F. Dionisi
2023-02-19,Atalanta,Lecce,1,2,6.0,1.0,3.0,3.0,1.46,0.43,10.0,2.0,0.0,9.0,M. Piccinini
2023-02-19,Fiorentina,Empoli,1,1,13.0,1.0,1.0,5.0,2.23,0.8,4.0,3.0,2.0,2.0,A. Prontera
2023-02-19,Salernitana,Lazio,0,2,2.0,9.0,6.0,1.0,0.41,2.99,2.0,7.0,5.0,2.0,R. Abisso
2023-02-19,Spezia,Juventus,0,2,7.0,4.0,2.0,2.0,1.3,1.16,7.0,3.0,1.0,7.0,F. La Penna
2023-02-19,AS Roma,Hellas Verona,1,0,5.0,1.0,1.0,2.0,0.79,0.42,5.0,1.0,1.0,4.0,S. Sozza
2023-02-20,Torino,Cremonese,2,2,5.0,1.0,3.0,1.0,2.3,0.74,6.0,2.0,0.0,4.0,G. Camplone
2023-02-25,Empoli,Napoli,0,2,4.0,13.0,2.0,3.0,0.58,2.63,2.0,6.0,5.0,2.0,G. Ayroldi
2023-02-25,Lecce,Sassuolo,0,1,4.0,7.0,2.0,2.0,1.19,1.1,0.0,3.0,2.0,0.0,N. Baroni
2023-02-26,Bologna,Inter,1,0,1.0,6.0,1.0,2.0,1.27,1.02,5.0,4.0,4.0,4.0,D. Orsato
2023-02-26,Salernitana,Monza,3,0,1.0,3.0,2.0,6.0,2.43,1.39,5.0,4.0,4.0,2.0,L. Marinelli
2023-02-26,Udinese,Spezia,2,2,5.0,2.0,2.0,2.0,2.5,2.54,6.0,2.0,0.0,4.0,M. Marchetti
2023-02-26,AC Milan,Atalanta,2,0,4.0,3.0,3.0,1.0,1.76,0.11,3.0,0.0,0.0,2.0,M. Mariani
2023-02-27,Hellas Verona,Fiorentina,0,3,4.0,2.0,3.0,3.0,1.2,1.48,3.0,7.0,4.0,3.0,F. La Penna
2023-02-27,Lazio,Sampdoria,1,0,8.0,3.0,2.0,2.0,1.55,0.49,4.0,2.0,2.0,3.0,A. Colombo
2023-02-28,Cremonese,AS Roma,2,1,3.0,3.0,3.0,2.0,0.99,1.21,2.0,3.0,2.0,0.0,M. Piccinini
2023-02-28,Juventus,Torino,4,2,3.0,7.0,0.0,2.0,1.55,1.24,6.0,3.0,1.0,2.0,D. Chiffi
2023-03-03,Napoli,Lazio,0,1,8.0,3.0,2.0,2.0,0.92,0.24,2.0,2.0,0.0,2.0,L. Pairetto
2023-03-04,Monza,Empoli,2,1,1.0,8.0,2.0,3.0,0.71,1.03,3.0,3.0,2.0,1.0,E. Feliciani
2023-03-04,Atalanta,Udinese,0,0,12.0,3.0,2.0,3.0,1.43,0.3,5.0,1.0,1.0,5.0,D. Ghersini
2023-03-04,Fiorentina,AC Milan,2,1,11.0,5.0,3.0,3.0,2.15,0.89,8.0,6.0,5.0,5.0,M. Di Bello
2023-03-05,Spezia,Hellas Verona,0,0,9.0,5.0,4.0,1.0,1.19,1.18,4.0,3.0,3.0,4.0,D. Doveri
2023-03-05,Sampdoria,Salernitana,0,0,2.0,6.0,3.0,4.0,0.48,0.9,3.0,4.0,4.0,3.0,D. Massa
2023-03-05,Inter,Lecce,2,0,6.0,4.0,1.0,1.0,0.82,0.55,4.0,1.0,1.0,2.0,G. Manganiello
2023-03-05,AS Roma,Juventus,1,0,2.0,6.0,3.0,4.0,0.62,0.72,2.0,5.0,5.0,1.0,F. Maresca
2023-03-06,Sassuolo,Cremonese,3,2,4.0,3.0,1.0,4.0,0.96,1.15,7.0,6.0,3.0,4.0,F. Fourneau
2023-03-06,Torino,Bologna,1,0,3.0,3.0,2.0,2.0,0.94,0.51,5.0,1.0,1.0,3.0,A. Rapuano
2023-03-10,Spezia,Inter,2,1,1.0,13.0,3.0,0.0,0.98,3.87,2.0,8.0,6.0,0.0,L. Marinelli
2023-03-11,Empoli,Udinese,0,1,11.0,5.0,2.0,4.0,1.23,1.47,3.0,4.0,2.0,3.0,F. Cosso
2023-03-11,Napoli,Atalanta,2,0,10.0,4.0,1.0,2.0,1.33,0.28,6.0,3.0,3.0,4.0,A. Colombo
2023-03-11,Bologna,Lazio,0,0,5.0,2.0,2.0,3.0,0.92,0.8,2.0,2.0,2.0,2.0,F. Maresca
2023-03-12,Lecce,Torino,0,2,9.0,1.0,3.0,3.0,0.51,0.06,1.0,2.0,0.0,1.0,J. Sacchi
2023-03-12,Hellas Verona,Monza,1,1,7.0,2.0,2.0,0.0,0.62,1.15,3.0,3.0,2.0,2.0,M. Piccinini
2023-03-12,Cremonese,Fiorentina,0,2,1.0,6.0,1.0,2.0,1.76,1.66,5.0,3.0,1.0,5.0,M. Marcenaro
2023-03-12,AS Roma,Sassuolo,3,4,7.0,2.0,6.0,2.0,1.53,3.64,7.0,10.0,6.0,4.0,M. Fabbri
2023-03-12,Juventus,Sampdoria,4,2,11.0,3.0,1.0,1.0,2.84,0.79,8.0,3.0,1.0,4.0,A. Prontera
2023-03-13,AC Milan,Salernitana,1,1,6.0,4.0,2.0,3.0,2.29,0.78,4.0,3.0,2.0,2.0,F. La Penna
2023-03-17,Sassuolo,Spezia,1,0,3.0,3.0,0.0,2.0,2.01,0.71,6.0,1.0,1.0,5.0,D. Ghersini
2023-03-17,Atalanta,Empoli,2,1,13.0,2.0,3.0,2.0,2.94,0.73,6.0,2.0,1.0,3.0,F. Dionisi
2023-03-18,Monza,Cremonese,1,1,8.0,4.0,3.0,5.0,2.03,0.68,7.0,2.0,1.0,6.0,A. Giua
2023-03-18,Salernitana,Bologna,2,2,5.0,4.0,0.0,1.0,0.87,0.45,4.0,2.0,0.0,2.0,L. Pairetto
2023-03-18,Udinese,AC Milan,3,1,5.0,6.0,4.0,2.0,1.91,1.5,5.0,6.0,5.0,2.0,D. Doveri
2023-03-19,Sampdoria,Hellas Verona,3,1,5.0,8.0,3.0,2.0,1.34,1.37,4.0,6.0,4.0,1.0,M. Mariani
2023-03-19,Fiorentina,Lecce,1,0,1.0,3.0,1.0,3.0,1.25,0.56,3.0,2.0,3.0,3.0,R. Abisso
2023-03-19,Torino,Napoli,0,4,5.0,4.0,1.0,1.0,1.33,2.27,2.0,6.0,2.0,2.0,M. Marchetti
2023-03-19,Lazio,AS Roma,1,0,5.0,2.0,6.0,8.0,0.6,0.57,5.0,3.0,3.0,4.0,D. Massa
2023-03-19,Inter,Juventus,0,1,6.0,4.0,5.0,6.0,1.25,0.65,3.0,3.0,2.0,3.0,D. Chiffi
2023-04-01,Cremonese,Atalanta,1,3,0.0,6.0,3.0,2.0,1.57,2.92,4.0,4.0,1.0,3.0,L. Marinelli
2023-04-01,Inter,Fiorentina,0,1,10.0,8.0,2.0,3.0,2.75,1.11,3.0,3.0,2.0,3.0,F. Maresca
2023-04-01,Juventus,Hellas Verona,1,0,3.0,5.0,1.0,2.0,1.8,0.62,2.0,3.0,3.0,1.0,M. Marchetti
2023-04-02,Bologna,Udinese,3,0,2.0,7.0,1.0,1.0,0.67,0.82,4.0,5.0,4.0,1.0,M. Ferrieri Caputi
2023-04-02,Spezia,Salernitana,1,1,9.0,5.0,0.0,1.0,1.96,1.09,4.0,2.0,1.0,3.0,D. Orsato
2023-04-02,Monza,Lazio,0,2,8.0,3.0,5.0,2.0,1.37,0.55,3.0,4.0,2.0,3.0,M. Marcenaro
2023-04-02,AS Roma,Sampdoria,3,0,10.0,3.0,3.0,7.0,3.11,0.28,11.0,3.0,3.0,7.0,M. Irrati
2023-04-02,Napoli,AC Milan,0,4,10.0,4.0,1.0,2.0,1.26,2.14,4.0,8.0,4.0,4.0,A. Rapuano
2023-04-03,Empoli,Lecce,1,0,3.0,4.0,3.0,2.0,1.66,0.24,7.0,0.0,0.0,6.0,M. Fabbri
2023-04-03,Sassuolo,Torino,1,1,6.0,7.0,1.0,1.0,1.14,1.69,4.0,2.0,1.0,3.0,I. Pezzuto
2023-04-07,Salernitana,Inter,1,1,2.0,8.0,2.0,2.0,1.1,2.94,3.0,11.0,10.0,2.0,M. Fabbri
2023-04-07,Lecce,Napoli,1,2,4.0,4.0,2.0,1.0,0.99,1.03,3.0,3.0,2.0,2.0,G. Manganiello
2023-04-07,AC Milan,Empoli,0,0,9.0,0.0,1.0,2.0,1.97,0.04,4.0,0.0,0.0,4.0,M. Marcenaro
2023-04-08,Udinese,Monza,2,2,4.0,2.0,1.0,3.0,1.77,1.06,5.0,5.0,3.0,3.0,L. Massimi
2023-04-08,Fiorentina,Spezia,1,1,8.0,4.0,0.0,7.0,1.0,0.7,4.0,3.0,2.0,4.0,F. Dionisi
2023-04-08,Sampdoria,Cremonese,2,3,3.0,3.0,2.0,3.0,2.07,1.3,9.0,4.0,1.0,6.0,D. Doveri
2023-04-08,Atalanta,Bologna,0,2,6.0,0.0,3.0,2.0,1.31,1.29,6.0,6.0,4.0,6.0,D. Orsato
2023-04-08,Torino,AS Roma,0,1,7.0,4.0,3.0,1.0,0.28,1.16,1.0,1.0,0.0,1.0,A. Colombo
2023-04-08,Hellas Verona,Sassuolo,2,1,4.0,10.0,3.0,4.0,0.48,1.78,3.0,5.0,4.0,0.0,F. Fourneau
2023-04-08,Lazio,Juventus,2,1,6.0,6.0,2.0,5.0,1.22,1.88,4.0,4.0,3.0,2.0,M. Di Bello
2023-04-14,Cremonese,Empoli,1,0,3.0,8.0,1.0,0.0,1.24,1.26,5.0,1.0,1.0,4.0,L. Zufferli
2023-04-14,Spezia,Lazio,0,3,2.0,3.0,5.0,4.0,0.69,2.79,2.0,7.0,4.0,2.0,M. Irrati
2023-04-15,Bologna,AC Milan,1,1,2.0,6.0,3.0,4.0,0.62,1.45,2.0,5.0,4.0,1.0,D. Massa
2023-04-15,Napoli,Hellas Verona,0,0,4.0,0.0,1.0,4.0,0.41,0.45,1.0,2.0,2.0,1.0,F. La Penna
2023-04-15,Inter,Monza,0,1,5.0,2.0,2.0,2.0,2.07,0.68,6.0,2.0,1.0,6.0,L. Pairetto
2023-04-16,Lecce,Sampdoria,1,1,11.0,8.0,1.0,4.0,2.67,0.64,11.0,2.0,0.0,9.0,M. Mariani
2023-04-16,Torino,Salernitana,1,1,4.0,2.0,0.0,1.0,1.72,0.67,5.0,1.0,0.0,4.0,G. Aureliano
2023-04-16,Sassuolo,Juventus,1,0,10.0,13.0,0.0,1.0,0.91,1.11,4.0,3.0,3.0,3.0,A. Rapuano
2023-04-16,AS Roma,Udinese,3,0,6.0,2.0,1.0,4.0,2.56,1.24,7.0,2.0,2.0,4.0,A. Giua
2023-04-17,Fiorentina,Atalanta,1,1,5.0,1.0,1.0,3.0,1.97,0.49,7.0,1.0,0.0,6.0,M. Guida
2023-04-21,Hellas Verona,Bologna,2,1,4.0,2.0,2.0,4.0,1.41,1.35,5.0,7.0,6.0,3.0,M. Mariani
2023-04-22,Salernitana,Sassuolo,3,0,4.0,8.0,1.0,2.0,1.34,0.67,5.0,2.0,2.0,2.0,G. Camplone
2023-04-22,Lazio,Torino,0,1,3.0,4.0,2.0,4.0,0.64,0.65,5.0,3.0,2.0,5.0,D. Ghersini
2023-04-22,Sampdoria,Spezia,1,1,9.0,9.0,1.0,1.0,1.48,2.53,3.0,7.0,6.0,1.0,F. Maresca
2023-04-23,Empoli,Inter,0,3,5.0,4.0,1.0,1.0,0.93,1.08,3.0,4.0,1.0,3.0,L. Marinelli
2023-04-23,Udinese,Cremonese,3,0,3.0,8.0,2.0,3.0,1.6,0.96,9.0,2.0,2.0,5.0,F. Fourneau
2023-04-23,Monza,Fiorentina,3,2,5.0,3.0,3.0,3.0,1.54,1.25,5.0,5.0,3.0,3.0,J. Sacchi
2023-04-23,AC Milan,Lecce,2,0,4.0,2.0,1.0,0.0,0.79,1.17,5.0,4.0,4.0,3.0,D. Chiffi
2023-04-23,Juventus,Napoli,0,1,3.0,6.0,4.0,1.0,0.35,1.24,4.0,6.0,5.0,4.0,M. Fabbri
2023-04-24,Atalanta,AS Roma,3,1,3.0,4.0,3.0,1.0,0.93,1.03,4.0,1.0,0.0,1.0,M. Irrati
2023-04-28,Lecce,Udinese,1,0,7.0,4.0,4.0,2.0,1.99,0.7,3.0,3.0,3.0,2.0,M. Marchetti
2023-04-28,Spezia,Monza,0,2,3.0,3.0,1.0,2.0,1.66,0.94,4.0,4.0,3.0,4.0,A. Rapuano
2023-04-29,AS Roma,AC Milan,1,1,1.0,5.0,3.0,2.0,1.04,0.99,1.0,1.0,3.0,3.0,D. Orsato
2023-04-29,Torino,Atalanta,1,2,3.0,3.0,1.0,1.0,0.27,0.55,4.0,5.0,3.0,3.0,J. Sacchi
2023-04-30,Inter,Lazio,3,1,2.0,3.0,2.0,3.0,3.15,0.86,9.0,5.0,4.0,6.0,M. Guida
2023-04-30,Sassuolo,Empoli,2,1,7.0,5.0,4.0,1.0,1.84,0.42,4.0,1.0,0.0,2.0,F. Dionisi
2023-04-30,Napoli,Salernitana,1,1,10.0,0.0,2.0,2.0,1.65,0.28,8.0,2.0,1.0,7.0,M. Marcenaro
2023-04-30,Cremonese,Hellas Verona,1,1,3.0,5.0,3.0,1.0,0.69,1.1,5.0,6.0,5.0,4.0,D. Doveri
2023-04-30,Fiorentina,Sampdoria,5,0,11.0,0.0,2.0,1.0,1.73,0.42,10.0,1.0,1.0,5.0,A. Giua
2023-04-30,Bologna,Juventus,1,1,4.0,5.0,2.0,2.0,1.9,2.68,6.0,5.0,4.0,5.0,S. Sozza
2023-05-03,Juventus,Lecce,2,1,6.0,7.0,2.0,2.0,1.84,1.71,4.0,5.0,4.0,2.0,F. Fourneau
2023-05-03,Sampdoria,Torino,0,2,2.0,3.0,5.0,2.0,0.29,1.99,0.0,4.0,2.0,0.0,G. Camplone
2023-05-03,Atalanta,Spezia,3,2,12.0,3.0,0.0,3.0,0.86,1.0,6.0,4.0,2.0,3.0,L. Marinelli
2023-05-03,Salernitana,Fiorentina,3,3,2.0,3.0,3.0,5.0,1.11,1.85,3.0,3.0,3.0,3.0,I. Pezzuto
2023-05-03,Lazio,Sassuolo,2,0,1.0,2.0,3.0,5.0,1.95,0.93,5.0,2.0,2.0,3.0,M. Irrati
2023-05-03,AC Milan,Cremonese,1,1,10.0,0.0,0.0,5.0,1.59,1.2,5.0,2.0,1.0,4.0,L. Pairetto
2023-05-03,Hellas Verona,Inter,0,6,2.0,7.0,1.0,1.0,0.55,2.7,2.0,10.0,5.0,2.0,D. Orsato
2023-05-03,Monza,AS Roma,1,1,4.0,3.0,3.0,7.0,0.49,0.86,4.0,8.0,6.0,3.0,D. Chiffi
2023-05-04,Udinese,Napoli,1,1,2.0,6.0,1.0,0.0,0.33,0.48,3.0,4.0,3.0,2.0,R. Abisso
2023-05-04,Empoli,Bologna,3,1,2.0,5.0,3.0,0.0,0.97,2.03,3.0,3.0,2.0,1.0,F. La Penna
2023-05-06,AC Milan,Lazio,2,0,6.0,4.0,2.0,4.0,0.85,1.23,3.0,0.0,0.0,1.0,A. Rapuano
2023-05-06,AS Roma,Inter,0,2,12.0,5.0,3.0,2.0,0.97,0.73,3.0,4.0,2.0,3.0,F. Maresca
2023-05-06,Cremonese,Spezia,2,0,3.0,13.0,0.0,2.0,0.9,1.3,4.0,8.0,8.0,2.0,M. Guida
2023-05-07,Atalanta,Juventus,0,2,7.0,3.0,1.0,2.0,1.09,1.0,1.0,5.0,3.0,1.0,D. Doveri
2023-05-07,Torino,Monza,1,1,7.0,4.0,2.0,1.0,0.91,0.87,5.0,8.0,7.0,4.0,L. Zufferli
2023-05-07,Napoli,Fiorentina,1,0,0.0,5.0,1.0,1.0,1.96,1.14,3.0,3.0,3.0,2.0,M. Marchetti
2023-05-07,Lecce,Hellas Verona,0,1,4.0,4.0,2.0,5.0,0.82,0.77,2.0,3.0,2.0,2.0,D. Massa
2023-05-08,Udinese,Sampdoria,2,0,7.0,3.0,2.0,2.0,1.03,0.9,6.0,3.0,3.0,4.0,N. Baroni
2023-05-08,Empoli,Salernitana,2,1,8.0,7.0,2.0,2.0,2.33,0.72,4.0,2.0,1.0,2.0,M. Volpi
2023-05-08,Sassuolo,Bologna,1,1,4.0,4.0,1.0,1.0,0.31,0.51,2.0,3.0,2.0,1.0,M. Ferrieri Caputi
2023-05-12,Lazio,Lecce,2,2,2.0,3.0,3.0,5.0,1.73,1.42,6.0,4.0,2.0,4.0,F. Maresca
2023-05-13,Salernitana,Atalanta,1,0,5.0,3.0,2.0,2.0,0.54,1.19,4.0,3.0,3.0,3.0,M. Piccinini
2023-05-13,Spezia,AC Milan,2,0,6.0,9.0,1.0,1.0,1.8,1.03,4.0,3.0,3.0,2.0,D. Doveri
2023-05-13,Inter,Sassuolo,4,2,1.0,5.0,2.0,3.0,1.37,2.29,3.0,5.0,3.0,0.0,M. Marcenaro
2023-05-14,Hellas Verona,Torino,0,1,3.0,4.0,3.0,2.0,0.51,1.85,4.0,8.0,6.0,4.0,M. Di Bello
2023-05-14,Fiorentina,Udinese,2,0,3.0,3.0,5.0,5.0,2.15,0.28,3.0,1.0,1.0,1.0,D. Paterna
2023-05-14,Monza,Napoli,2,0,6.0,10.0,1.0,1.0,1.28,1.15,4.0,7.0,7.0,2.0,F. Cosso
2023-05-14,Bologna,AS Roma,0,0,3.0,6.0,2.0,1.0,0.41,1.19,3.0,2.0,2.0,3.0,D. Orsato
2023-05-14,Juventus,Cremonese,2,0,7.0,0.0,2.0,0.0,1.66,0.09,7.0,2.0,2.0,4.0,D. Chiffi
2023-05-15,Sampdoria,Empoli,1,1,1.0,2.0,3.0,4.0,1.3,1.64,3.0,4.0,3.0,2.0,E. Feliciani
2023-05-19,Sassuolo,Monza,1,2,6.0,3.0,4.0,5.0,1.65,1.66,4.0,6.0,4.0,3.0,A. Santoro
2023-05-20,Cremonese,Bologna,1,5,3.0,9.0,1.0,4.0,1.26,2.7,2.0,9.0,4.0,1.0,P. Valeri
2023-05-20,Atalanta,Hellas Verona,3,1,6.0,3.0,1.0,3.0,1.39,0.94,5.0,2.0,1.0,2.0,S. Sozza
2023-05-20,AC Milan,Sampdoria,5,1,7.0,2.0,1.0,3.0,3.8,0.62,9.0,3.0,2.0,4.0,F. Fourneau
2023-05-21,Lecce,Spezia,0,0,2.0,5.0,2.0,3.0,0.29,0.79,1.0,0.0,0.0,1.0,M. Mariani
2023-05-21,Torino,Fiorentina,1,1,3.0,3.0,1.0,2.0,1.06,0.78,4.0,1.0,0.0,3.0,L. Massimi
2023-05-21,Napoli,Inter,3,1,4.0,1.0,1.0,4.0,1.69,0.56,9.0,2.0,0.0,6.0,L. Marinelli
2023-05-21,Udinese,Lazio,0,1,3.0,8.0,3.0,1.0,0.55,2.03,2.0,4.0,3.0,2.0,L. Pairetto
2023-05-22,AS Roma,Salernitana,2,2,6.0,4.0,1.0,4.0,1.39,1.12,5.0,3.0,1.0,3.0,A. Colombo
2023-05-22,Empoli,Juventus,4,1,3.0,7.0,2.0,2.0,2.87,1.85,7.0,4.0,3.0,3.0,G. Ayroldi
2023-05-26,Sampdoria,Sassuolo,2,2,8.0,4.0,1.0,2.0,2.18,2.94,3.0,8.0,6.0,2.0,F. Meraviglia
2023-05-27,Salernitana,Udinese,3,2,2.0,1.0,3.0,5.0,1.2,2.28,3.0,4.0,2.0,0.0,N. Baroni
2023-05-27,Spezia,Torino,0,4,5.0,2.0,2.0,2.0,0.86,1.0,1.0,4.0,1.0,1.0,M. Guida
2023-05-27,Fiorentina,AS Roma,2,1,7.0,4.0,5.0,3.0,2.5,1.24,6.0,4.0,2.0,3.0,G. Ayroldi
2023-05-27,Inter,Atalanta,3,2,9.0,7.0,0.0,1.0,2.79,0.94,11.0,3.0,2.0,8.0,D. Orsato
2023-05-28,Hellas Verona,Empoli,1,1,3.0,3.0,4.0,0.0,1.03,1.18,4.0,3.0,3.0,3.0,D. Chiffi
2023-05-28,Bologna,Napoli,2,2,4.0,4.0,1.0,3.0,1.93,1.45,6.0,8.0,6.0,4.0,M. Marcenaro
2023-05-28,Monza,Lecce,0,1,1.0,3.0,4.0,3.0,1.12,1.21,1.0,1.0,0.0,1.0,D. Doveri
2023-05-28,Lazio,Cremonese,3,2,4.0,3.0,2.0,2.0,1.94,0.62,8.0,5.0,4.0,4.0,A. Giua
2023-05-28,Juventus,AC Milan,0,1,4.0,5.0,1.0,2.0,0.92,0.51,3.0,3.0,2.0,3.0,M. Mariani
2023-06-02,Sassuolo,Fiorentina,1,3,2.0,4.0,8.0,4.0,1.08,1.58,2.0,7.0,4.0,1.0,M. Marchetti
2023-06-03,Torino,Inter,0,1,6.0,4.0,1.0,2.0,1.14,0.98,5.0,4.0,4.0,5.0,M. Fabbri
2023-06-03,Empoli,Lazio,0,2,6.0,7.0,5.0,2.0,0.24,1.74,1.0,11.0,9.0,1.0,L. Massimi
2023-06-03,Cremonese,Salernitana,2,0,4.0,6.0,1.0,2.0,1.39,0.69,4.0,1.0,1.0,2.0,D. Perenzoni
2023-06-04,Napoli,Sampdoria,2,0,11.0,0.0,0.0,1.0,1.96,0.65,9.0,4.0,4.0,7.0,E. Feliciani
2023-06-04,AC Milan,Hellas Verona,3,1,7.0,1.0,1.0,4.0,2.38,0.82,5.0,1.0,0.0,2.0,P. Valeri
2023-06-04,Udinese,Juventus,0,1,6.0,14.0,2.0,2.0,0.77,1.27,3.0,5.0,4.0,3.0,M. Guida
2023-06-04,AS Roma,Spezia,2,1,6.0,2.0,2.0,11.0,2.24,1.05,5.0,2.0,1.0,4.0,F. Maresca
2023-06-04,Atalanta,Monza,5,2,5.0,1.0,1.0,4.0,4.04,1.19,10.0,4.0,2.0,5.0,M. Di Bello
2023-06-04,Lecce,Bologna,2,3,7.0,2.0,1.0,2.0,1.41,1.08,7.0,7.0,4.0,5.0,M. Piccinini
2023-06-11,Spezia,Hellas Verona,1,3,9.0,5.0,2.0,7.0,2.21,0.76,10.0,5.0,2.0,8.0,D. Orsato
2023-08-19,Empoli,Hellas Verona,0,1,2.0,4.0,2.0,2.0,0.7,0.51,4.0,4.0,3.0,4.0,L. Massimi
2023-08-19,Frosinone,Napoli,1,3,4.0,6.0,3.0,3.0,0.89,1.5,1.0,8.0,5.0,0.0,M. Marcenaro
2023-08-19,Genoa,Fiorentina,1,4,3.0,4.0,2.0,3.0,0.21,0.99,2.0,5.0,1.0,1.0,G. Ayroldi
2023-08-19,Inter,Monza,2,0,8.0,3.0,1.0,1.0,2.69,0.78,3.0,2.0,2.0,1.0,A. Colombo
2023-08-20,Sassuolo,Atalanta,0,2,7.0,7.0,1.0,1.0,0.44,1.32,3.0,6.0,2.0,3.0,M. Marchetti
2023-08-20,AS Roma,Salernitana,2,2,9.0,1.0,0.0,4.0,1.9,0.14,3.0,2.0,0.0,1.0,E. Feliciani
2023-08-20,Udinese,Juventus,0,3,7.0,3.0,1.0,3.0,1.0,1.85,5.0,4.0,1.0,5.0,A. Rapuano
2023-08-20,Lecce,Lazio,2,1,5.0,2.0,3.0,2.0,1.47,1.61,7.0,4.0,3.0,5.0,F. Dionisi
2023-08-21,Torino,Cagliari,0,0,8.0,3.0,1.0,1.0,0.96,0.39,2.0,2.0,2.0,2.0,F. Cosso
2023-08-21,Bologna,AC Milan,0,2,3.0,6.0,2.0,2.0,1.06,0.9,5.0,6.0,3.0,5.0,L. Pairetto
2023-08-26,Frosinone,Atalanta,2,1,3.0,7.0,1.0,2.0,0.72,1.65,5.0,6.0,5.0,3.0,J. Sacchi
2023-08-26,Monza,Empoli,2,0,6.0,5.0,1.0,2.0,1.99,0.97,5.0,6.0,6.0,3.0,G. Aureliano
2023-08-26,AC Milan,Torino,4,1,2.0,1.0,2.0,3.0,3.04,0.48,7.0,1.0,0.0,3.0,M. Mariani
2023-08-26,Hellas Verona,AS Roma,2,1,1.0,12.0,3.0,3.0,0.75,1.56,3.0,7.0,6.0,1.0,D. Doveri
2023-08-27,Juventus,Bologna,1,1,6.0,2.0,2.0,1.0,0.83,0.5,3.0,4.0,3.0,2.0,M. Di Bello
2023-08-27,Fiorentina,Lecce,2,2,3.0,3.0,1.0,3.0,1.35,0.26,4.0,2.0,0.0,2.0,M. Ferrieri Caputi
2023-08-27,Lazio,Genoa,0,1,15.0,1.0,4.0,2.0,1.45,0.56,2.0,3.0,2.0,2.0,L. Marinelli
2023-08-27,Napoli,Sassuolo,2,0,12.0,4.0,0.0,3.0,3.54,0.17,5.0,1.0,1.0,3.0,A. Giua
2023-08-28,Salernitana,Udinese,1,1,7.0,5.0,4.0,4.0,0.5,0.8,4.0,6.0,7.0,3.0,D. Massa
2023-08-28,Cagliari,Inter,0,2,4.0,7.0,1.0,1.0,0.66,0.92,2.0,3.0,1.0,2.0,M. Fabbri
2023-09-01,Sassuolo,Hellas Verona,3,1,10.0,1.0,1.0,3.0,1.72,0.63,7.0,3.0,2.0,4.0,M. Piccinini
2023-09-01,AS Roma,AC Milan,1,2,3.0,5.0,2.0,6.0,0.71,1.66,2.0,4.0,2.0,1.0,A. Rapuano
2023-09-02,Udinese,Frosinone,0,0,3.0,5.0,2.0,2.0,1.52,1.69,6.0,2.0,1.0,6.0,M. Guida
2023-09-02,Bologna,Cagliari,2,1,5.0,2.0,1.0,2.0,2.32,0.47,7.0,1.0,0.0,5.0,D. Orsato
2023-09-02,Napoli,Lazio,1,2,7.0,2.0,0.0,2.0,1.29,0.64,4.0,2.0,0.0,3.0,A. Colombo
2023-09-02,Atalanta,Monza,3,0,7.0,3.0,0.0,3.0,1.26,0.36,8.0,2.0,2.0,5.0,M. Marcenaro
2023-09-03,Torino,Genoa,1,0,4.0,0.0,2.0,5.0,0.44,0.18,3.0,2.0,2.0,2.0,D. Chiffi
2023-09-03,Inter,Fiorentina,4,0,1.0,1.0,1.0,1.0,3.73,0.38,11.0,2.0,2.0,7.0,M. Marchetti
2023-09-03,Empoli,Juventus,0,2,3.0,7.0,3.0,3.0,0.34,2.69,0.0,5.0,3.0,0.0,G. Ayroldi
2023-09-03,Lecce,Salernitana,2,0,6.0,5.0,3.0,3.0,1.8,1.05,6.0,4.0,4.0,4.0,L. Massimi
2023-09-16,Juventus,Lazio,3,1,7.0,9.0,5.0,1.0,2.39,0.57,7.0,5.0,5.0,4.0,F. Maresca
2023-09-16,Inter,AC Milan,5,1,5.0,0.0,2.0,2.0,2.65,1.06,7.0,2.0,1.0,2.0,S. Sozza
2023-09-16,Genoa,Napoli,2,2,3.0,1.0,3.0,2.0,1.2,0.95,3.0,4.0,2.0,1.0,M. Fabbri
2023-09-17,Cagliari,Udinese,0,0,4.0,6.0,4.0,1.0,1.59,0.75,1.0,1.0,1.0,1.0,D. Doveri
2023-09-17,Frosinone,Sassuolo,4,2,5.0,6.0,4.0,2.0,2.83,1.26,6.0,7.0,5.0,2.0,A. Prontera
2023-09-17,Monza,Lecce,1,1,10.0,1.0,8.0,3.0,2.18,0.89,6.0,3.0,2.0,4.0,L. Marinelli
2023-09-17,Fiorentina,Atalanta,3,2,3.0,4.0,1.0,2.0,1.12,0.7,8.0,4.0,2.0,5.0,L. Pairetto
2023-09-17,AS Roma,Empoli,7,0,2.0,6.0,2.0,2.0,2.4,0.24,9.0,2.0,2.0,3.0,J. Sacchi
2023-09-18,Salernitana,Torino,0,3,1.0,2.0,2.0,2.0,0.7,1.83,4.0,3.0,0.0,4.0,A. Giua
2023-09-18,Hellas Verona,Bologna,0,0,3.0,4.0,4.0,2.0,0.42,0.62,1.0,4.0,4.0,1.0,F. La Penna
2023-09-22,Salernitana,Frosinone,1,1,8.0,6.0,2.0,2.0,1.16,0.76,6.0,3.0,2.0,5.0,M. Piccinini
2023-09-22,Lecce,Genoa,1,0,4.0,3.0,1.0,5.0,0.9,0.32,3.0,1.0,1.0,2.0,A. Rapuano
2023-09-23,AC Milan,Hellas Verona,1,0,2.0,3.0,4.0,2.0,0.93,0.62,4.0,2.0,2.0,3.0,F. Maresca
2023-09-23,Sassuolo,Juventus,4,2,6.0,3.0,4.0,2.0,1.6,1.16,7.0,2.0,1.0,4.0,A. Colombo
2023-09-23,Lazio,Monza,1,1,1.0,3.0,2.0,2.0,1.04,1.19,1.0,4.0,3.0,0.0,R. Abisso
2023-09-24,Empoli,Inter,0,1,3.0,6.0,2.0,2.0,0.31,1.65,1.0,6.0,4.0,1.0,M. Marcenaro
2023-09-24,Udinese,Fiorentina,0,2,10.0,3.0,0.0,1.0,2.24,0.52,8.0,2.0,0.0,8.0,D. Chiffi
2023-09-24,Atalanta,Cagliari,2,0,7.0,7.0,1.0,2.0,1.73,0.75,6.0,0.0,0.0,4.0,E. Feliciani
2023-09-24,Bologna,Napoli,0,0,5.0,5.0,4.0,5.0,0.24,2.06,2.0,4.0,4.0,2.0,G. Ayroldi
2023-09-24,Torino,AS Roma,1,1,7.0,1.0,0.0,2.0,0.95,1.36,4.0,3.0,2.0,3.0,M. Guida
2023-09-26,Juventus,Lecce,1,0,5.0,1.0,2.0,7.0,1.44,0.05,5.0,0.0,0.0,4.0,A. Giua
2023-09-27,Cagliari,AC Milan,1,3,3.0,5.0,3.0,1.0,0.88,2.19,6.0,6.0,3.0,5.0,F. La Penna
2023-09-27,Hellas Verona,Atalanta,0,1,4.0,1.0,2.0,4.0,0.48,1.23,2.0,2.0,1.0,2.0,F. Dionisi
2023-09-27,Empoli,Salernitana,1,0,10.0,2.0,2.0,1.0,3.22,0.62,6.0,2.0,2.0,5.0,A. Rapuano
2023-09-27,Lazio,Torino,2,0,4.0,2.0,1.0,4.0,0.89,0.35,3.0,2.0,2.0,1.0,M. Fabbri
2023-09-27,Napoli,Udinese,4,1,8.0,4.0,1.0,1.0,3.29,0.69,10.0,3.0,2.0,6.0,G. Manganiello
2023-09-27,Inter,Sassuolo,1,2,8.0,6.0,0.0,1.0,0.92,1.02,3.0,6.0,4.0,2.0,L. Massimi
2023-09-28,Frosinone,Fiorentina,1,1,8.0,10.0,3.0,3.0,0.71,1.47,3.0,6.0,5.0,2.0,F. Fourneau
2023-09-28,Monza,Bologna,0,0,7.0,5.0,5.0,5.0,0.74,0.58,3.0,5.0,5.0,3.0,I. Pezzuto
2023-09-28,Genoa,AS Roma,4,1,1.0,7.0,4.0,3.0,1.11,1.46,4.0,3.0,2.0,0.0,D. Orsato
2023-09-30,Lecce,Napoli,0,4,3.0,7.0,3.0,2.0,0.46,2.5,4.0,6.0,2.0,4.0,L. Pairetto
2023-09-30,AC Milan,Lazio,2,0,7.0,1.0,3.0,2.0,2.24,0.53,7.0,4.0,4.0,5.0,D. Massa
2023-09-30,Salernitana,Inter,0,4,3.0,3.0,2.0,1.0,0.62,2.35,3.0,6.0,2.0,3.0,R. Abisso
2023-10-01,Bologna,Empoli,3,0,2.0,6.0,2.0,4.0,2.45,0.89,9.0,4.0,4.0,6.0,F. Maresca
2023-10-01,Udinese,Genoa,2,2,5.0,0.0,4.0,2.0,1.35,0.77,2.0,4.0,2.0,1.0,M. Mariani
2023-10-01,Atalanta,Juventus,0,0,5.0,2.0,1.0,2.0,1.25,0.17,2.0,3.0,3.0,2.0,D. Chiffi
2023-10-01,AS Roma,Frosinone,2,0,7.0,3.0,1.0,2.0,0.56,0.91,5.0,0.0,0.0,3.0,M. Marchetti
2023-10-02,Sassuolo,Monza,0,1,7.0,4.0,1.0,1.0,1.43,1.55,7.0,4.0,3.0,7.0,L. Zufferli
2023-10-02,Torino,Hellas Verona,0,0,10.0,1.0,1.0,1.0,0.56,0.25,2.0,2.0,2.0,2.0,E. Feliciani
2023-10-02,Fiorentina,Cagliari,3,0,4.0,2.0,1.0,1.0,1.16,0.8,2.0,4.0,3.0,0.0,M. Di Bello
2023-10-06,Empoli,Udinese,0,0,5.0,7.0,1.0,2.0,1.27,0.73,3.0,1.0,1.0,3.0,M. Fabbri
2023-10-06,Lecce,Sassuolo,1,1,5.0,3.0,2.0,3.0,1.72,1.7,4.0,1.0,0.0,3.0,J. Sacchi
2023-10-07,Inter,Bologna,2,2,7.0,7.0,2.0,3.0,0.72,1.32,5.0,3.0,1.0,3.0,M. Guida
2023-10-07,Juventus,Torino,2,0,7.0,3.0,1.0,1.0,1.91,0.56,6.0,1.0,1.0,3.0,D. Massa
2023-10-07,Genoa,AC Milan,0,1,3.0,2.0,5.0,7.0,0.56,0.64,1.0,3.0,2.0,1.0,M. Piccinini
2023-10-08,Monza,Salernitana,3,0,7.0,7.0,1.0,2.0,2.98,0.58,7.0,5.0,6.0,4.0,L. Massimi
2023-10-08,Lazio,Atalanta,3,2,4.0,6.0,1.0,1.0,1.57,0.98,4.0,4.0,2.0,2.0,D. Orsato
2023-10-08,Frosinone,Hellas Verona,2,1,2.0,4.0,1.0,4.0,1.77,0.85,2.0,4.0,3.0,0.0,M. Ferrieri Caputi
2023-10-08,Cagliari,AS Roma,1,4,4.0,3.0,2.0,3.0,1.71,2.58,2.0,5.0,1.0,1.0,S. Sozza
2023-10-08,Napoli,Fiorentina,1,3,6.0,4.0,2.0,4.0,1.75,2.07,4.0,3.0,0.0,3.0,F. La Penna
2023-10-21,Hellas Verona,Napoli,1,3,5.0,8.0,3.0,2.0,1.27,2.34,9.0,10.0,7.0,8.0,R. Abisso
2023-10-21,Torino,Inter,0,3,2.0,4.0,1.0,2.0,0.39,2.52,3.0,4.0,1.0,3.0,M. Marchetti
2023-10-21,Sassuolo,Lazio,0,2,5.0,7.0,1.0,5.0,0.52,2.27,2.0,6.0,5.0,2.0,M. Di Bello
2023-10-22,AS Roma,Monza,1,0,8.0,5.0,2.0,6.0,1.73,0.45,4.0,4.0,4.0,3.0,G. Ayroldi
2023-10-22,Bologna,Frosinone,2,1,4.0,5.0,2.0,4.0,1.52,1.51,6.0,5.0,4.0,4.0,D. Doveri
2023-10-22,Salernitana,Cagliari,2,2,8.0,5.0,3.0,4.0,1.52,1.66,2.0,6.0,4.0,0.0,D. Chiffi
2023-10-22,Atalanta,Genoa,2,0,8.0,4.0,4.0,2.0,1.33,0.99,8.0,4.0,4.0,6.0,L. Marinelli
2023-10-22,AC Milan,Juventus,0,1,6.0,3.0,3.0,4.0,0.31,1.43,1.0,4.0,3.0,1.0,M. Mariani
2023-10-23,Udinese,Lecce,1,1,2.0,7.0,3.0,5.0,2.5,0.78,6.0,1.0,0.0,4.0,P. Tremolada
2023-10-23,Fiorentina,Empoli,0,2,13.0,3.0,1.0,3.0,1.05,1.46,7.0,3.0,1.0,7.0,F. Dionisi
2023-10-27,Genoa,Salernitana,1,0,7.0,0.0,3.0,4.0,0.49,0.65,4.0,2.0,2.0,3.0,D. Massa
2023-10-28,Sassuolo,Bologna,1,1,6.0,2.0,1.0,3.0,0.89,1.02,5.0,5.0,3.0,5.0,A. Giua
2023-10-28,Lecce,Torino,0,1,3.0,0.0,3.0,5.0,0.49,0.78,6.0,2.0,1.0,6.0,G. Aureliano
2023-10-28,Juventus,Hellas Verona,1,0,5.0,1.0,3.0,2.0,3.37,0.31,6.0,1.0,1.0,4.0,E. Feliciani
2023-10-29,Cagliari,Frosinone,4,3,5.0,7.0,1.0,4.0,3.63,1.46,6.0,6.0,2.0,1.0,L. Pairetto
2023-10-29,Monza,Udinese,1,1,10.0,3.0,2.0,2.0,0.53,1.1,4.0,3.0,2.0,3.0,A. Prontera
2023-10-29,Inter,AS Roma,1,0,8.0,0.0,3.0,4.0,2.3,0.14,3.0,1.0,1.0,2.0,F. Maresca
2023-10-29,Napoli,AC Milan,2,2,6.0,4.0,6.0,3.0,1.9,2.06,4.0,6.0,4.0,2.0,D. Orsato
2023-10-30,Empoli,Atalanta,0,3,3.0,6.0,4.0,0.0,0.35,1.65,2.0,6.0,3.0,2.0,L. Massimi
2023-10-30,Lazio,Fiorentina,1,0,0.0,4.0,3.0,3.0,2.0,0.41,4.0,5.0,5.0,3.0,M. Marcenaro
2023-11-03,Bologna,Lazio,1,0,2.0,6.0,2.0,5.0,0.59,0.51,2.0,1.0,1.0,1.0,F. La Penna
2023-11-04,Salernitana,Napoli,0,2,8.0,9.0,1.0,1.0,0.3,1.39,3.0,8.0,6.0,3.0,A. Rapuano
2023-11-04,Atalanta,Inter,1,2,6.0,1.0,6.0,1.0,1.04,1.35,4.0,4.0,2.0,3.0,S. Sozza
2023-11-04,AC Milan,Udinese,0,1,11.0,5.0,1.0,2.0,0.87,1.43,4.0,2.0,1.0,4.0,J. Sacchi
2023-11-05,Hellas Verona,Monza,1,3,2.0,6.0,1.0,2.0,1.01,0.86,5.0,6.0,3.0,4.0,G. Collu
2023-11-05,Cagliari,Genoa,2,1,1.0,1.0,4.0,2.0,0.85,1.05,4.0,2.0,1.0,2.0,M. Guida
2023-11-05,AS Roma,Lecce,2,1,5.0,2.0,3.0,5.0,2.12,0.84,5.0,4.0,3.0,3.0,A. Colombo
2023-11-05,Fiorentina,Juventus,0,1,9.0,2.0,1.0,3.0,0.72,0.65,4.0,3.0,2.0,4.0,D. Chiffi
2023-11-06,Frosinone,Empoli,2,1,9.0,2.0,3.0,2.0,0.83,1.53,5.0,2.0,1.0,3.0,G. Manganiello
2023-11-06,Torino,Sassuolo,2,1,9.0,2.0,1.0,1.0,3.49,0.47,9.0,2.0,1.0,7.0,M. Ferrieri Caputi
2023-11-10,Sassuolo,Salernitana,2,2,11.0,0.0,2.0,1.0,2.96,0.84,9.0,2.0,0.0,7.0,D. Ghersini
2023-11-10,Genoa,Hellas Verona,1,0,6.0,7.0,1.0,4.0,1.71,0.24,6.0,1.0,1.0,4.0,D. Orsato
2023-11-11,Lecce,AC Milan,2,2,3.0,1.0,4.0,8.0,1.46,1.11,5.0,6.0,5.0,3.0,R. Abisso
2023-11-11,Juventus,Cagliari,2,1,12.0,4.0,3.0,1.0,2.35,0.58,4.0,2.0,1.0,3.0,M. Piccinini
2023-11-11,Monza,Torino,1,1,3.0,1.0,2.0,2.0,0.96,0.95,5.0,5.0,4.0,4.0,D. Doveri
2023-11-12,Napoli,Empoli,0,1,8.0,3.0,1.0,1.0,0.86,0.47,7.0,3.0,2.0,7.0,A. Prontera
2023-11-12,Udinese,Atalanta,1,1,7.0,7.0,2.0,3.0,1.52,0.74,4.0,2.0,1.0,3.0,G. Aureliano
2023-11-12,Fiorentina,Bologna,2,1,0.0,3.0,2.0,2.0,1.45,1.82,4.0,4.0,3.0,2.0,F. Maresca
2023-11-12,Lazio,AS Roma,0,0,4.0,1.0,3.0,4.0,0.41,0.44,2.0,1.0,1.0,2.0,D. Massa
2023-11-12,Inter,Frosinone,2,0,9.0,4.0,0.0,1.0,3.21,0.7,6.0,3.0,3.0,4.0,F. Dionisi
2023-11-25,Salernitana,Lazio,2,1,4.0,9.0,5.0,3.0,1.75,1.98,6.0,2.0,1.0,4.0,A. Prontera
2023-11-25,Atalanta,Napoli,1,2,5.0,4.0,2.0,2.0,1.0,2.16,5.0,4.0,1.0,4.0,M. Mariani
2023-11-25,AC Milan,Fiorentina,1,0,3.0,11.0,1.0,2.0,1.83,1.99,6.0,4.0,4.0,5.0,M. Di Bello
2023-11-26,Cagliari,Monza,1,1,10.0,11.0,1.0,2.0,1.61,0.72,6.0,4.0,3.0,5.0,M. Marchetti
2023-11-26,Empoli,Sassuolo,3,4,6.0,5.0,4.0,2.0,1.41,2.36,8.0,9.0,5.0,5.0,S. Sozza
2023-11-26,Frosinone,Genoa,2,1,4.0,2.0,2.0,3.0,0.63,1.3,5.0,3.0,2.0,3.0,L. Zufferli
2023-11-26,AS Roma,Udinese,3,1,7.0,1.0,1.0,3.0,1.39,0.51,5.0,2.0,1.0,2.0,L. Massimi
2023-11-26,Juventus,Inter,1,1,1.0,0.0,2.0,1.0,0.44,0.86,1.0,4.0,3.0,0.0,M. Guida
2023-11-27,Hellas Verona,Lecce,2,2,4.0,2.0,1.0,2.0,1.66,1.12,11.0,5.0,3.0,9.0,F. La Penna
2023-11-27,Bologna,Torino,2,0,3.0,2.0,3.0,4.0,1.55,0.45,2.0,3.0,3.0,0.0,A. Colombo
2023-12-01,Monza,Juventus,1,2,7.0,3.0,1.0,2.0,0.76,2.6,1.0,7.0,5.0,0.0,M. Fabbri
2023-12-02,Genoa,Empoli,1,1,5.0,3.0,3.0,1.0,1.03,0.81,1.0,1.0,3.0,3.0,G. Aureliano
2023-12-02,Lazio,Cagliari,1,0,4.0,3.0,0.0,4.0,1.95,0.56,5.0,2.0,2.0,4.0,F. Dionisi
2023-12-02,AC Milan,Frosinone,3,1,6.0,7.0,1.0,1.0,1.17,0.72,3.0,3.0,2.0,1.0,M. Marchetti
2023-12-03,Lecce,Bologna,1,1,6.0,3.0,3.0,2.0,1.55,1.24,4.0,4.0,3.0,3.0,D. Doveri
2023-12-03,Udinese,Hellas Verona,3,3,5.0,3.0,2.0,5.0,1.91,1.41,6.0,4.0,1.0,3.0,F. Maresca
2023-12-03,Fiorentina,Salernitana,3,0,3.0,2.0,1.0,0.0,2.56,0.8,9.0,1.0,1.0,7.0,P. Tremolada
2023-12-03,Sassuolo,AS Roma,1,2,1.0,11.0,6.0,1.0,0.88,2.21,2.0,7.0,5.0,1.0,M. Marcenaro
2023-12-03,Napoli,Inter,0,3,6.0,4.0,2.0,2.0,0.57,2.69,4.0,4.0,1.0,4.0,D. Massa
2023-12-04,Torino,Atalanta,3,0,4.0,3.0,2.0,2.0,1.69,0.46,5.0,4.0,4.0,2.0,M. Piccinini
2023-12-08,Juventus,Napoli,1,0,3.0,6.0,2.0,4.0,1.09,1.23,2.0,1.0,1.0,1.0,D. Orsato
2023-12-09,Hellas Verona,Lazio,1,1,1.0,7.0,4.0,4.0,1.08,1.03,1.0,5.0,4.0,0.0,G. Ayroldi
2023-12-09,Atalanta,AC Milan,3,2,6.0,4.0,1.0,7.0,3.33,1.52,7.0,4.0,1.0,4.0,F. La Penna
2023-12-09,Inter,Udinese,4,0,6.0,1.0,0.0,1.0,3.5,0.8,8.0,1.0,1.0,4.0,M. Di Bello
2023-12-10,Frosinone,Torino,0,0,3.0,8.0,3.0,3.0,0.77,1.25,5.0,3.0,3.0,5.0,L. Massimi
2023-12-10,Monza,Genoa,1,0,2.0,3.0,1.0,2.0,0.39,1.41,3.0,1.0,1.0,2.0,G. Collu
2023-12-10,Salernitana,Bologna,1,2,5.0,1.0,9.0,3.0,0.52,2.09,2.0,5.0,3.0,1.0,S. Sozza
2023-12-10,AS Roma,Fiorentina,1,1,1.0,6.0,9.0,5.0,0.66,1.46,1.0,8.0,7.0,0.0,A. Rapuano
2023-12-11,Empoli,Lecce,1,1,8.0,3.0,2.0,2.0,1.48,0.77,6.0,5.0,4.0,7.0,A. Colombo
2023-12-11,Cagliari,Sassuolo,2,1,10.0,4.0,1.0,9.0,1.09,0.89,6.0,4.0,3.0,3.0,M. Mariani
2023-12-15,Genoa,Juventus,1,1,6.0,8.0,2.0,3.0,0.82,1.67,3.0,4.0,3.0,2.0,D. Massa
2023-12-16,Lecce,Frosinone,2,1,5.0,4.0,1.0,4.0,0.66,1.73,6.0,5.0,4.0,4.0,L. Zufferli
2023-12-16,Napoli,Cagliari,2,1,5.0,3.0,5.0,3.0,1.86,1.12,5.0,3.0,2.0,3.0,M. Marcenaro
2023-12-16,Torino,Empoli,1,0,6.0,4.0,4.0,2.0,1.17,0.31,3.0,2.0,2.0,2.0,L. Marinelli
2023-12-17,AC Milan,Monza,3,0,4.0,5.0,1.0,2.0,2.03,1.58,9.0,4.0,4.0,6.0,G. Aureliano
2023-12-17,Udinese,Sassuolo,2,2,1.0,13.0,5.0,1.0,0.81,3.03,7.0,7.0,5.0,5.0,G. Manganiello
2023-12-17,Fiorentina,Hellas Verona,1,0,1.0,6.0,3.0,1.0,0.49,2.58,3.0,7.0,7.0,2.0,M. Ferrieri Caputi
2023-12-17,Bologna,AS Roma,2,0,0.0,4.0,4.0,4.0,0.52,0.6,2.0,3.0,3.0,1.0,M. Guida
2023-12-17,Lazio,Inter,0,2,8.0,7.0,3.0,2.0,1.49,1.62,4.0,4.0,2.0,4.0,F. Maresca
2023-12-18,Atalanta,Salernitana,4,1,10.0,7.0,1.0,2.0,1.89,1.32,11.0,3.0,2.0,7.0,E. Feliciani
2023-12-22,Sassuolo,Genoa,1,2,3.0,6.0,2.0,1.0,1.38,1.68,3.0,5.0,3.0,2.0,M. Guida
2023-12-22,Empoli,Lazio,0,2,8.0,9.0,3.0,2.0,0.77,2.34,7.0,7.0,5.0,7.0,M. Marchetti
2023-12-22,Salernitana,AC Milan,2,2,6.0,6.0,5.0,1.0,1.52,2.22,7.0,9.0,6.0,6.0,D. Doveri
2023-12-22,Monza,Fiorentina,0,1,1.0,4.0,3.0,4.0,0.74,1.98,2.0,5.0,3.0,2.0,J. Sacchi
2023-12-23,Frosinone,Juventus,1,2,8.0,8.0,0.0,2.0,0.51,1.14,3.0,3.0,1.0,2.0,M. Mariani
2023-12-23,Bologna,Atalanta,1,0,3.0,5.0,2.0,4.0,0.68,1.18,1.0,2.0,2.0,0.0,A. Rapuano
2023-12-23,Torino,Udinese,1,1,8.0,2.0,2.0,2.0,1.01,0.85,4.0,4.0,3.0,3.0,M. Fabbri
2023-12-23,Hellas Verona,Cagliari,2,0,11.0,7.0,3.0,6.0,0.92,0.79,5.0,3.0,3.0,3.0,D. Orsato
2023-12-23,Inter,Lecce,2,0,16.0,2.0,1.0,5.0,2.92,1.29,8.0,5.0,5.0,6.0,M. Marcenaro
2023-12-23,AS Roma,Napoli,2,0,4.0,0.0,7.0,8.0,1.9,0.7,4.0,2.0,2.0,2.0,A. Colombo
2023-12-29,Napoli,Monza,0,0,10.0,1.0,4.0,6.0,1.97,1.37,9.0,3.0,3.0,9.0,M. Di Bello
2023-12-29,Fiorentina,Torino,1,0,4.0,2.0,4.0,2.0,0.55,0.34,3.0,3.0,3.0,2.0,F. La Penna
2023-12-29,Lazio,Frosinone,3,1,6.0,2.0,3.0,2.0,1.56,1.13,5.0,2.0,1.0,2.0,E. Feliciani
2023-12-29,Genoa,Inter,1,1,8.0,2.0,2.0,2.0,0.54,1.81,4.0,6.0,5.0,3.0,D. Doveri
2023-12-30,Atalanta,Lecce,1,0,5.0,6.0,2.0,2.0,1.09,1.22,4.0,2.0,2.0,2.0,G. Manganiello
2023-12-30,Cagliari,Empoli,0,0,8.0,6.0,1.0,3.0,1.77,0.28,3.0,1.0,1.0,3.0,F. Maresca
2023-12-30,Udinese,Bologna,3,0,7.0,7.0,2.0,5.0,1.13,0.95,7.0,5.0,5.0,4.0,D. Orsato
2023-12-30,AC Milan,Sassuolo,1,0,6.0,5.0,0.0,1.0,1.56,0.49,2.0,6.0,6.0,1.0,L. Marinelli
2023-12-30,Hellas Verona,Salernitana,0,1,7.0,6.0,2.0,2.0,0.79,0.52,0.0,3.0,2.0,0.0,M. Mariani
2023-12-30,Juventus,AS Roma,1,0,2.0,2.0,1.0,1.0,1.12,0.46,4.0,2.0,2.0,2.0,S. Sozza
2024-01-05,Bologna,Genoa,1,1,11.0,2.0,3.0,3.0,1.33,0.13,8.0,1.0,0.0,7.0,A. Colombo
2024-01-06,Inter,Hellas Verona,2,1,7.0,0.0,0.0,4.0,1.9,1.3,6.0,3.0,2.0,4.0,M. Fabbri
2024-01-06,Frosinone,Monza,2,3,5.0,1.0,5.0,5.0,1.16,1.34,5.0,2.0,0.0,3.0,M. Ferrieri Caputi
2024-01-06,Lecce,Cagliari,1,1,7.0,6.0,1.0,1.0,1.61,0.97,2.0,2.0,1.0,1.0,D. Massa
2024-01-06,Sassuolo,Fiorentina,1,0,1.0,8.0,3.0,2.0,0.88,1.25,1.0,3.0,2.0,0.0,R. Abisso
2024-01-07,Empoli,AC Milan,0,3,6.0,6.0,1.0,2.0,0.9,1.69,2.0,6.0,3.0,2.0,F. La Penna
2024-01-07,Udinese,Lazio,1,2,4.0,4.0,5.0,3.0,0.75,0.49,2.0,2.0,0.0,1.0,J. Sacchi
2024-01-07,Torino,Napoli,3,0,2.0,5.0,0.0,4.0,2.08,1.05,6.0,3.0,3.0,3.0,M. Mariani
2024-01-07,Salernitana,Juventus,1,2,2.0,8.0,5.0,5.0,0.76,2.1,3.0,3.0,1.0,2.0,M. Guida
2024-01-07,AS Roma,Atalanta,1,1,6.0,5.0,1.0,6.0,2.07,0.74,6.0,2.0,1.0,7.0,G. Aureliano
2024-01-13,Napoli,Salernitana,2,1,8.0,3.0,3.0,2.0,2.19,0.12,7.0,2.0,1.0,5.0,L. Marinelli
2024-01-13,Genoa,Torino,0,0,8.0,4.0,3.0,2.0,0.53,0.43,6.0,0.0,0.0,6.0,A. Giua
2024-01-13,Hellas Verona,Empoli,2,1,5.0,9.0,6.0,3.0,0.81,0.83,7.0,1.0,0.0,5.0,D. Doveri
2024-01-13,Monza,Inter,1,5,4.0,5.0,2.0,2.0,1.02,4.37,2.0,7.0,2.0,1.0,A. Rapuano
2024-01-14,Lazio,Lecce,1,0,2.0,5.0,4.0,4.0,0.88,1.11,2.0,3.0,3.0,1.0,M. Ferrieri Caputi
2024-01-14,Cagliari,Bologna,2,1,2.0,5.0,3.0,2.0,0.68,0.59,2.0,4.0,3.0,1.0,G. Manganiello
2024-01-14,Fiorentina,Udinese,2,2,4.0,4.0,1.0,1.0,1.34,1.21,3.0,6.0,4.0,1.0,L. Pairetto
2024-01-14,AC Milan,AS Roma,3,1,2.0,5.0,2.0,3.0,1.49,1.4,5.0,5.0,4.0,2.0,M. Guida
2024-01-15,Atalanta,Frosinone,5,0,8.0,2.0,0.0,1.0,4.01,0.42,9.0,5.0,5.0,4.0,A. Prontera
2024-01-16,Juventus,Sassuolo,3,0,5.0,2.0,0.0,2.0,1.17,0.27,5.0,4.0,4.0,2.0,M. Piccinini
2024-01-20,AS Roma,Hellas Verona,2,1,1.0,2.0,2.0,2.0,0.92,1.17,2.0,3.0,2.0,0.0,J. Sacchi
2024-01-20,Udinese,AC Milan,2,3,5.0,7.0,6.0,1.0,0.55,2.72,6.0,7.0,4.0,4.0,F. Maresca
2024-01-21,Frosinone,Cagliari,3,1,8.0,4.0,3.0,5.0,2.84,0.58,7.0,4.0,3.0,4.0,F. Dionisi
2024-01-21,Empoli,Monza,3,0,1.0,7.0,1.0,3.0,1.31,0.82,5.0,5.0,5.0,2.0,A. Giua
2024-01-21,Salernitana,Genoa,1,2,5.0,5.0,0.0,5.0,0.76,1.14,2.0,5.0,3.0,1.0,D. Orsato
2024-01-21,Lecce,Juventus,0,3,5.0,5.0,1.0,1.0,0.64,2.14,3.0,8.0,3.0,3.0,D. Doveri
2024-01-26,Cagliari,Torino,1,2,9.0,2.0,2.0,4.0,2.27,1.66,10.0,6.0,5.0,8.0,A. Colombo
2024-01-27,Atalanta,Udinese,2,0,4.0,4.0,2.0,1.0,1.15,0.6,11.0,5.0,5.0,9.0,M. Piccinini
2024-01-27,Juventus,Empoli,1,1,6.0,7.0,3.0,1.0,0.82,0.79,3.0,5.0,4.0,2.0,L. Marinelli
2024-01-27,AC Milan,Bologna,2,2,4.0,1.0,5.0,3.0,3.28,1.84,4.0,4.0,2.0,2.0,D. Massa
2024-01-28,Genoa,Lecce,2,1,3.0,8.0,0.0,2.0,1.69,1.85,7.0,5.0,4.0,5.0,L. Pairetto
2024-01-28,Hellas Verona,Frosinone,1,1,1.0,9.0,2.0,2.0,2.25,1.26,5.0,6.0,5.0,4.0,F. La Penna
2024-01-28,Monza,Sassuolo,1,0,4.0,5.0,1.0,3.0,0.4,0.76,1.0,3.0,3.0,0.0,G. Manganiello
2024-01-28,Lazio,Napoli,0,0,4.0,3.0,3.0,2.0,0.48,0.16,1.0,0.0,3.0,3.0,D. Orsato
2024-01-28,Fiorentina,Inter,0,1,7.0,6.0,2.0,3.0,1.84,0.55,4.0,4.0,3.0,4.0,G. Aureliano
2024-01-29,Salernitana,AS Roma,1,2,5.0,1.0,2.0,3.0,1.18,1.64,7.0,2.0,0.0,6.0,M. Di Bello
2024-02-02,Lecce,Fiorentina,3,2,1.0,3.0,3.0,3.0,2.62,1.12,8.0,3.0,1.0,5.0,A. Giua
2024-02-03,Udinese,Monza,0,0,7.0,4.0,3.0,2.0,0.9,0.11,6.0,2.0,1.0,6.0,A. Prontera
2024-02-03,Empoli,Genoa,0,0,6.0,6.0,2.0,5.0,0.56,0.65,4.0,2.0,1.0,4.0,E. Feliciani
2024-02-03,Frosinone,AC Milan,2,3,2.0,4.0,1.0,3.0,1.02,1.42,4.0,5.0,3.0,2.0,L. Pairetto
2024-02-03,Bologna,Sassuolo,4,2,7.0,4.0,1.0,3.0,1.07,0.77,3.0,4.0,2.0,0.0,J. Sacchi
2024-02-04,Torino,Salernitana,0,0,10.0,1.0,2.0,1.0,0.89,0.1,1.0,1.0,1.0,1.0,D. Chiffi
2024-02-04,Napoli,Hellas Verona,2,1,9.0,2.0,3.0,2.0,1.29,0.93,7.0,2.0,1.0,6.0,M. Piccinini
2024-02-04,Atalanta,Lazio,3,1,6.0,1.0,2.0,3.0,2.27,1.22,5.0,1.0,0.0,2.0,M. Guida
2024-02-04,Inter,Juventus,1,0,6.0,4.0,2.0,3.0,1.75,0.66,3.0,1.0,1.0,3.0,F. Maresca
2024-02-05,AS Roma,Cagliari,4,0,7.0,5.0,1.0,1.0,2.71,0.56,6.0,3.0,3.0,2.0,M. Marcenaro
2024-02-09,Salernitana,Empoli,1,3,4.0,8.0,3.0,2.0,0.88,2.21,4.0,3.0,1.0,3.0,M. Mariani
2024-02-10,Cagliari,Lazio,1,3,7.0,8.0,1.0,3.0,0.78,1.34,6.0,5.0,4.0,5.0,M. Di Bello
2024-02-10,AS Roma,Inter,2,4,3.0,8.0,2.0,0.0,0.68,0.95,3.0,6.0,3.0,2.0,M. Guida
2024-02-10,Sassuolo,Torino,1,1,5.0,4.0,1.0,3.0,0.43,1.04,4.0,2.0,1.0,3.0,D. Orsato
2024-02-11,Fiorentina,Frosinone,5,1,2.0,5.0,3.0,1.0,2.32,1.12,7.0,3.0,2.0,3.0,E. Feliciani
2024-02-11,Bologna,Lecce,4,0,4.0,3.0,1.0,2.0,1.55,1.17,6.0,3.0,3.0,2.0,G. Manganiello
2024-02-11,Monza,Hellas Verona,0,0,5.0,2.0,1.0,2.0,0.68,0.7,1.0,1.0,1.0,1.0,D. Massa
2024-02-11,Genoa,Atalanta,1,4,7.0,4.0,3.0,4.0,0.77,2.1,6.0,9.0,5.0,5.0,A. Colombo
2024-02-11,AC Milan,Napoli,1,0,1.0,2.0,1.0,1.0,0.9,0.67,6.0,2.0,2.0,5.0,D. Doveri
2024-02-12,Juventus,Udinese,0,1,8.0,4.0,3.0,3.0,1.7,0.68,6.0,1.0,0.0,6.0,R. Abisso
2024-02-14,Bologna,Fiorentina,2,0,2.0,3.0,2.0,3.0,2.15,0.88,7.0,3.0,3.0,5.0,D. Chiffi
2024-02-16,Torino,Lecce,2,0,5.0,5.0,1.0,6.0,1.35,0.46,4.0,4.0,3.0,2.0,G. Ayroldi
2024-02-16,Inter,Salernitana,4,0,18.0,0.0,0.0,1.0,3.99,0.03,10.0,0.0,0.0,7.0,M. Piccinini
2024-02-17,Napoli,Genoa,1,1,7.0,2.0,3.0,2.0,1.37,0.27,7.0,4.0,3.0,6.0,J. Sacchi
2024-02-17,Hellas Verona,Juventus,2,2,5.0,4.0,1.0,1.0,0.57,1.87,9.0,4.0,2.0,7.0,M. Di Bello
2024-02-17,Atalanta,Sassuolo,3,0,11.0,5.0,1.0,1.0,4.48,1.67,13.0,4.0,4.0,8.0,A. Prontera
2024-02-18,Lazio,Bologna,1,2,8.0,3.0,2.0,3.0,1.12,1.39,7.0,3.0,1.0,5.0,F. Maresca
2024-02-18,Udinese,Cagliari,1,1,3.0,4.0,3.0,2.0,0.99,0.25,3.0,2.0,1.0,2.0,M. Mariani
2024-02-18,Empoli,Fiorentina,1,1,0.0,3.0,3.0,2.0,1.03,0.73,4.0,4.0,2.0,3.0,L. Pairetto
2024-02-18,Frosinone,AS Roma,0,3,10.0,2.0,0.0,3.0,1.46,1.81,7.0,5.0,2.0,7.0,A. Giua
2024-02-18,Monza,AC Milan,4,2,7.0,3.0,4.0,3.0,1.75,1.33,6.0,6.0,4.0,2.0,A. Colombo
2024-02-22,Torino,Lazio,0,2,7.0,4.0,3.0,4.0,1.53,0.51,4.0,4.0,2.0,4.0,F. La Penna
2024-02-23,Bologna,Hellas Verona,2,0,11.0,1.0,2.0,2.0,1.59,0.62,3.0,3.0,3.0,1.0,R. Abisso
2024-02-24,Sassuolo,Empoli,2,3,4.0,1.0,1.0,3.0,1.7,2.14,5.0,6.0,3.0,3.0,G. Aureliano
2024-02-24,Salernitana,Monza,0,2,7.0,11.0,2.0,2.0,0.94,2.4,3.0,7.0,5.0,3.0,M. Fabbri
2024-02-24,Genoa,Udinese,2,0,8.0,3.0,1.0,6.0,1.36,0.3,4.0,1.0,1.0,2.0,F. Fourneau
2024-02-25,Juventus,Frosinone,3,2,8.0,3.0,2.0,2.0,2.17,0.38,5.0,2.0,0.0,2.0,A. Rapuano
2024-02-25,Cagliari,Napoli,1,1,4.0,3.0,4.0,1.0,0.75,1.29,3.0,4.0,3.0,2.0,L. Pairetto
2024-02-25,Lecce,Inter,0,4,7.0,10.0,1.0,2.0,0.99,2.93,2.0,7.0,3.0,2.0,D. Doveri
2024-02-25,AC Milan,Atalanta,1,1,5.0,3.0,1.0,4.0,1.3,1.12,7.0,3.0,2.0,5.0,D. Orsato
2024-02-26,AS Roma,Torino,3,2,0.0,4.0,2.0,2.0,1.36,0.63,3.0,6.0,5.0,0.0,J. Sacchi
2024-02-26,Fiorentina,Lazio,2,1,13.0,2.0,0.0,2.0,2.92,0.3,7.0,1.0,0.0,4.0,M. Guida
2024-02-28,Sassuolo,Napoli,1,6,5.0,10.0,1.0,1.0,0.34,2.54,2.0,9.0,3.0,1.0,D. Chiffi
2024-02-28,Inter,Atalanta,4,0,4.0,1.0,2.0,6.0,2.11,0.33,7.0,1.0,1.0,3.0,A. Colombo
2024-03-01,Lazio,AC Milan,0,1,2.0,5.0,11.0,6.0,1.33,1.0,3.0,5.0,4.0,3.0,M. Di Bello
2024-03-02,Udinese,Salernitana,1,1,5.0,6.0,8.0,1.0,1.81,1.1,5.0,1.0,0.0,4.0,G. Manganiello
2024-03-02,Monza,AS Roma,1,4,6.0,3.0,1.0,4.0,0.89,1.84,5.0,6.0,2.0,4.0,M. Piccinini
2024-03-02,Torino,Fiorentina,0,0,4.0,5.0,4.0,4.0,0.6,0.62,2.0,3.0,3.0,2.0,M. Marchetti
2024-03-03,Hellas Verona,Sassuolo,1,0,2.0,10.0,4.0,2.0,0.36,0.45,5.0,2.0,2.0,4.0,F. Maresca
2024-03-03,Empoli,Cagliari,0,1,9.0,2.0,0.0,3.0,1.46,0.57,3.0,4.0,3.0,3.0,A. Rapuano
2024-03-03,Frosinone,Lecce,1,1,12.0,8.0,1.0,1.0,1.33,1.23,7.0,4.0,4.0,6.0,M. Guida
2024-03-03,Atalanta,Bologna,1,2,6.0,2.0,3.0,2.0,1.35,1.33,2.0,6.0,4.0,1.0,F. La Penna
2024-03-03,Napoli,Juventus,2,1,2.0,1.0,1.0,4.0,2.11,1.66,7.0,4.0,3.0,5.0,M. Mariani
2024-03-04,Inter,Genoa,2,1,4.0,5.0,2.0,3.0,1.87,0.83,5.0,2.0,1.0,3.0,G. Ayroldi
2024-03-08,Napoli,Torino,1,1,13.0,7.0,2.0,2.0,1.58,1.04,8.0,2.0,1.0,7.0,D. Orsato
2024-03-09,Sassuolo,Frosinone,1,0,1.0,2.0,3.0,1.0,0.64,1.27,4.0,1.0,1.0,3.0,F. La Penna
2024-03-09,Cagliari,Salernitana,4,2,5.0,4.0,1.0,2.0,3.25,0.92,7.0,5.0,3.0,3.0,F. Fourneau
2024-03-09,Bologna,Inter,0,1,7.0,2.0,2.0,1.0,0.79,0.87,3.0,4.0,3.0,3.0,L. Pairetto
2024-03-09,Genoa,Monza,2,3,10.0,1.0,1.0,1.0,2.11,1.71,6.0,5.0,2.0,4.0,E. Feliciani
2024-03-10,Lecce,Hellas Verona,0,1,11.0,6.0,3.0,5.0,0.98,0.63,3.0,4.0,3.0,4.0,D. Chiffi
2024-03-10,AC Milan,Empoli,1,0,11.0,4.0,1.0,4.0,0.84,0.19,5.0,2.0,2.0,4.0,J. Sacchi
2024-03-10,Juventus,Atalanta,2,2,4.0,3.0,0.0,1.0,1.32,0.48,5.0,3.0,1.0,3.0,M. Guida
2024-03-10,Fiorentina,AS Roma,2,2,8.0,2.0,2.0,5.0,2.13,0.6,5.0,5.0,3.0,3.0,D. Massa
2024-03-11,Lazio,Udinese,1,2,9.0,5.0,3.0,8.0,2.21,1.19,6.0,5.0,3.0,6.0,G. Aureliano
2024-03-15,Empoli,Bologna,0,1,7.0,6.0,3.0,1.0,0.97,2.39,1.0,9.0,8.0,1.0,M. Fabbri
2024-03-16,Udinese,Torino,0,2,3.0,4.0,3.0,2.0,0.42,0.98,1.0,5.0,3.0,1.0,A. Colombo
2024-03-16,Monza,Cagliari,1,0,3.0,7.0,2.0,1.0,1.03,0.42,3.0,0.0,0.0,2.0,M. Marcenaro
2024-03-16,Salernitana,Lecce,0,1,7.0,1.0,4.0,3.0,1.19,1.24,6.0,4.0,4.0,6.0,F. Maresca
2024-03-16,Frosinone,Lazio,2,3,9.0,4.0,1.0,3.0,2.17,3.21,5.0,7.0,4.0,3.0,A. Rapuano
2024-03-17,Juventus,Genoa,0,0,12.0,2.0,6.0,1.0,1.03,0.19,2.0,2.0,2.0,2.0,A. Giua
2024-03-17,Hellas Verona,AC Milan,1,3,3.0,5.0,1.0,3.0,0.54,2.74,4.0,6.0,3.0,3.0,M. Mariani
2024-03-17,AS Roma,Sassuolo,1,0,4.0,7.0,2.0,1.0,0.7,0.49,4.0,2.0,3.0,3.0,G. Manganiello
2024-03-17,Inter,Napoli,1,1,5.0,7.0,2.0,1.0,1.57,1.36,6.0,3.0,2.0,5.0,F. La Penna
2024-03-30,Napoli,Atalanta,0,3,7.0,5.0,2.0,2.0,1.67,0.87,6.0,6.0,3.0,5.0,L. Pairetto
2024-03-30,Genoa,Frosinone,1,1,3.0,8.0,2.0,1.0,1.48,0.82,3.0,3.0,2.0,2.0,J. Sacchi
2024-03-30,Torino,Monza,1,0,7.0,2.0,0.0,5.0,1.57,0.77,6.0,2.0,2.0,5.0,G. Aureliano
2024-03-30,Lazio,Juventus,1,0,7.0,2.0,1.0,2.0,1.07,0.54,4.0,3.0,3.0,3.0,A. Colombo
2024-03-30,Fiorentina,AC Milan,1,2,7.0,5.0,2.0,3.0,1.38,3.1,7.0,10.0,8.0,6.0,F. Maresca
2024-04-01,Bologna,Salernitana,3,0,5.0,3.0,0.0,3.0,1.61,0.62,3.0,2.0,2.0,0.0,E. Feliciani
2024-04-01,Sassuolo,Udinese,1,1,10.0,1.0,1.0,2.0,1.2,1.52,5.0,3.0,1.0,4.0,M. Fabbri
2024-04-01,Cagliari,Hellas Verona,1,1,7.0,2.0,0.0,2.0,0.64,1.43,2.0,5.0,4.0,1.0,D. Doveri
2024-04-01,Lecce,AS Roma,0,0,8.0,4.0,3.0,2.0,1.82,1.32,6.0,3.0,4.0,6.0,M. Marcenaro
2024-04-01,Inter,Empoli,2,0,8.0,6.0,0.0,2.0,2.09,0.49,7.0,3.0,3.0,5.0,F. Dionisi
2024-04-05,Salernitana,Sassuolo,2,2,4.0,9.0,4.0,3.0,1.17,2.27,2.0,5.0,3.0,0.0,S. Sozza
2024-04-06,AC Milan,Lecce,3,0,5.0,1.0,1.0,3.0,1.49,0.53,8.0,7.0,7.0,5.0,L. Massimi
2024-04-06,AS Roma,Lazio,1,0,3.0,6.0,5.0,3.0,0.71,0.44,3.0,1.0,1.0,2.0,M. Guida
2024-04-06,Empoli,Torino,3,2,1.0,7.0,2.0,1.0,0.47,2.18,3.0,5.0,3.0,0.0,D. Massa
2024-04-07,Frosinone,Bologna,0,0,5.0,2.0,1.0,3.0,0.39,1.96,5.0,5.0,5.0,5.0,D. Orsato
2024-04-07,Monza,Napoli,2,4,1.0,6.0,3.0,1.0,0.4,2.2,2.0,8.0,4.0,0.0,D. Doveri
2024-04-07,Cagliari,Atalanta,2,1,4.0,4.0,3.0,3.0,0.67,0.5,3.0,2.0,1.0,1.0,A. Rapuano
2024-04-07,Hellas Verona,Genoa,1,2,5.0,3.0,3.0,1.0,1.33,2.17,3.0,5.0,3.0,2.0,G. Manganiello
2024-04-07,Juventus,Fiorentina,1,0,5.0,6.0,2.0,1.0,1.94,0.55,2.0,2.0,2.0,1.0,F. La Penna
2024-04-08,Udinese,Inter,1,2,0.0,8.0,1.0,2.0,0.06,3.31,1.0,6.0,4.0,0.0,M. Piccinini
2024-04-12,Lazio,Salernitana,4,1,9.0,0.0,0.0,1.0,1.89,0.57,6.0,5.0,4.0,2.0,L. Zufferli
2024-04-13,Lecce,Empoli,1,0,10.0,3.0,1.0,0.0,2.67,0.12,7.0,0.0,1.0,6.0,M. Mariani
2024-04-13,Torino,Juventus,0,0,6.0,2.0,3.0,2.0,0.56,1.17,2.0,3.0,3.0,2.0,F. Maresca
2024-04-13,Bologna,Monza,0,0,10.0,0.0,4.0,4.0,2.11,0.43,7.0,0.0,1.0,7.0,F. La Penna
2024-04-14,Napoli,Frosinone,2,2,6.0,2.0,5.0,1.0,2.21,2.42,9.0,6.0,4.0,6.0,M. Fabbri
2024-04-14,Sassuolo,AC Milan,3,3,2.0,6.0,3.0,1.0,1.19,2.84,5.0,7.0,4.0,2.0,D. Massa
2024-04-14,Inter,Cagliari,2,2,7.0,0.0,0.0,2.0,2.07,1.07,7.0,6.0,4.0,5.0,F. Fourneau
2024-04-15,Fiorentina,Genoa,1,1,6.0,2.0,1.0,2.0,1.5,1.51,3.0,3.0,3.0,2.0,D. Di Marco
2024-04-15,Atalanta,Hellas Verona,2,2,5.0,4.0,0.0,2.0,1.54,1.52,9.0,5.0,3.0,7.0,J. Sacchi
2024-04-19,Genoa,Lazio,0,1,2.0,9.0,1.0,2.0,0.5,1.07,2.0,1.0,0.0,2.0,E. Feliciani
2024-04-19,Cagliari,Juventus,2,2,4.0,3.0,2.0,3.0,2.19,0.66,4.0,3.0,2.0,2.0,M. Piccinini
2024-04-20,Empoli,Napoli,1,0,2.0,8.0,2.0,2.0,0.92,0.63,1.0,1.0,1.0,0.0,G. Manganiello
2024-04-20,Hellas Verona,Udinese,1,0,10.0,6.0,2.0,2.0,0.85,1.74,4.0,1.0,1.0,3.0,M. Guida
2024-04-21,Sassuolo,Lecce,0,3,9.0,4.0,1.0,0.0,0.59,2.35,3.0,8.0,4.0,3.0,D. Doveri
2024-04-21,Torino,Frosinone,0,0,6.0,4.0,2.0,2.0,0.6,0.56,2.0,3.0,3.0,2.0,A. Rapuano
2024-04-21,Salernitana,Fiorentina,0,2,2.0,5.0,2.0,4.0,0.21,2.05,1.0,7.0,5.0,1.0,M. Marchetti
2024-04-21,Monza,Atalanta,1,2,2.0,8.0,3.0,2.0,1.09,1.47,2.0,6.0,4.0,1.0,A. Giua
2024-04-22,AS Roma,Bologna,1,3,8.0,2.0,5.0,2.0,2.07,1.07,5.0,3.0,0.0,3.0,F. Maresca
2024-04-22,AC Milan,Inter,1,2,5.0,3.0,7.0,4.0,2.17,2.05,6.0,3.0,1.0,5.0,A. Colombo
2024-04-25,Udinese,AS Roma,1,2,4.0,8.0,3.0,2.0,0.72,1.49,3.0,5.0,3.0,2.0,L. Pairetto
2024-04-26,Frosinone,Salernitana,3,0,7.0,3.0,2.0,2.0,1.7,1.41,4.0,2.0,2.0,1.0,F. Fourneau
2024-04-27,Lecce,Monza,1,1,0.0,5.0,2.0,3.0,0.98,1.14,4.0,1.0,0.0,3.0,A. Santoro
2024-04-27,Juventus,AC Milan,0,0,9.0,4.0,0.0,1.0,1.48,0.31,7.0,0.0,0.0,6.0,M. Mariani
2024-04-27,Lazio,Hellas Verona,1,0,4.0,2.0,4.0,4.0,1.09,0.62,5.0,1.0,1.0,4.0,D. Massa
2024-04-28,Inter,Torino,2,0,5.0,4.0,1.0,3.0,1.71,0.49,5.0,3.0,3.0,3.0,M. Ferrieri Caputi
2024-04-28,Bologna,Udinese,1,1,10.0,3.0,5.0,7.0,0.75,0.74,4.0,4.0,3.0,3.0,J. Sacchi
2024-04-28,Napoli,AS Roma,2,2,9.0,2.0,2.0,0.0,2.97,1.57,9.0,4.0,2.0,7.0,S. Sozza
2024-04-28,Atalanta,Empoli,2,0,8.0,1.0,1.0,2.0,1.89,0.42,5.0,2.0,2.0,3.0,M. Fabbri
2024-04-28,Fiorentina,Sassuolo,5,1,10.0,2.0,2.0,2.0,3.27,0.27,10.0,2.0,1.0,5.0,M. Marcenaro
2024-04-29,Genoa,Cagliari,3,0,2.0,4.0,0.0,2.0,1.18,1.12,5.0,1.0,1.0,2.0,F. Dionisi
2024-05-03,Torino,Bologna,0,0,2.0,4.0,2.0,2.0,0.66,0.16,1.0,1.0,1.0,1.0,S. Sozza
2024-05-04,Monza,Lazio,2,2,5.0,4.0,1.0,7.0,1.74,1.4,7.0,5.0,3.0,5.0,L. Pairetto
2024-05-04,Sassuolo,Inter,1,0,2.0,5.0,1.0,1.0,0.3,1.08,2.0,1.0,1.0,1.0,M. Marchetti
2024-05-05,Cagliari,Lecce,1,1,3.0,10.0,6.0,4.0,0.96,1.82,3.0,3.0,2.0,2.0,M. Marcenaro
2024-05-05,Hellas Verona,Fiorentina,2,1,1.0,2.0,2.0,1.0,1.89,0.94,4.0,4.0,3.0,2.0,A. Rapuano
2024-05-05,Empoli,Frosinone,0,0,3.0,8.0,2.0,3.0,0.31,1.3,1.0,5.0,5.0,1.0,D. Doveri
2024-05-05,AC Milan,Genoa,3,3,7.0,1.0,1.0,1.0,2.8,0.96,7.0,2.0,0.0,4.0,A. Prontera
2024-05-05,AS Roma,Juventus,1,1,9.0,6.0,1.0,2.0,1.76,1.2,5.0,6.0,5.0,2.0,A. Colombo
2024-05-06,Salernitana,Atalanta,1,2,1.0,7.0,1.0,0.0,0.5,1.86,2.0,4.0,2.0,1.0,E. Feliciani
2024-05-06,Udinese,Napoli,1,1,7.0,5.0,1.0,1.0,0.75,0.83,2.0,4.0,3.0,1.0,G. Aureliano
2024-05-10,Frosinone,Inter,0,5,8.0,4.0,1.0,1.0,1.3,1.8,8.0,5.0,0.0,6.0,A. Giua
2024-05-11,Napoli,Bologna,0,2,9.0,3.0,2.0,1.0,1.57,1.45,6.0,4.0,2.0,6.0,L. Pairetto
2024-05-11,AC Milan,Cagliari,5,1,6.0,3.0,2.0,1.0,3.3,1.5,10.0,7.0,6.0,5.0,S. Sozza
2024-05-12,Lazio,Empoli,2,0,7.0,7.0,3.0,1.0,1.72,1.32,5.0,3.0,3.0,3.0,G. Aureliano
2024-05-12,Genoa,Sassuolo,2,1,3.0,7.0,1.0,2.0,0.89,1.71,2.0,4.0,3.0,0.0,M. Mariani
2024-05-12,Hellas Verona,Torino,1,2,7.0,4.0,5.0,2.0,1.25,0.47,5.0,2.0,0.0,4.0,L. Marinelli
2024-05-12,Juventus,Salernitana,1,1,9.0,4.0,2.0,5.0,2.3,0.78,6.0,4.0,3.0,5.0,A. Santoro
2024-05-12,Atalanta,AS Roma,2,1,6.0,1.0,1.0,1.0,2.85,1.21,7.0,6.0,5.0,6.0,M. Guida
2024-05-13,Lecce,Udinese,0,2,8.0,2.0,2.0,1.0,0.37,1.46,2.0,3.0,1.0,2.0,D. Massa
2024-05-13,Fiorentina,Monza,2,1,6.0,1.0,1.0,1.0,2.51,0.67,9.0,2.0,1.0,7.0,L. Zufferli
2024-05-17,Fiorentina,Napoli,2,2,5.0,3.0,1.0,2.0,0.64,1.19,5.0,3.0,1.0,3.0,M. Marchetti
2024-05-18,Lecce,Atalanta,0,2,2.0,5.0,0.0,4.0,1.31,1.59,3.0,9.0,7.0,3.0,A. Rapuano
2024-05-18,Torino,AC Milan,3,1,3.0,8.0,1.0,1.0,0.94,1.96,5.0,4.0,3.0,2.0,E. Feliciani
2024-05-19,Sassuolo,Cagliari,0,2,5.0,6.0,7.0,2.0,0.27,1.48,0.0,3.0,1.0,0.0,D. Doveri
2024-05-19,Udinese,Empoli,1,1,5.0,5.0,1.0,9.0,1.74,0.86,2.0,1.0,0.0,1.0,M. Guida
2024-05-19,Monza,Frosinone,0,1,3.0,4.0,1.0,2.0,1.02,2.06,2.0,5.0,4.0,2.0,M. Fabbri
2024-05-19,Inter,Lazio,1,1,8.0,0.0,0.0,1.0,1.46,0.62,7.0,3.0,2.0,6.0,J. Sacchi
2024-05-19,AS Roma,Genoa,1,0,6.0,3.0,4.0,0.0,0.83,0.5,6.0,5.0,5.0,5.0,G. Manganiello
2024-05-20,Salernitana,Hellas Verona,1,2,4.0,6.0,3.0,2.0,0.59,2.15,1.0,5.0,3.0,0.0,M. Di Bello
2024-05-20,Bologna,Juventus,3,3,3.0,2.0,1.0,5.0,1.5,0.73,5.0,4.0,1.0,2.0,G. Ayroldi
2024-05-23,Cagliari,Fiorentina,2,3,4.0,5.0,2.0,4.0,1.91,1.99,6.0,5.0,2.0,4.0,A. Prontera
2024-05-24,Genoa,Bologna,2,0,3.0,6.0,1.0,2.0,1.51,0.89,3.0,1.0,1.0,1.0,A. Santoro
2024-05-25,Juventus,Monza,2,0,3.0,4.0,1.0,5.0,0.91,0.62,4.0,4.0,4.0,2.0,M. Ferrieri Caputi
2024-05-25,AC Milan,Salernitana,3,3,13.0,3.0,0.0,1.0,2.99,1.66,11.0,6.0,3.0,8.0,D. Di Marco
2024-05-26,Napoli,Lecce,0,0,4.0,1.0,1.0,1.0,1.52,0.5,5.0,0.0,0.0,5.0,F. Dionisi
2024-05-26,Atalanta,Torino,3,0,2.0,5.0,1.0,1.0,2.62,1.06,7.0,1.0,1.0,4.0,S. Sozza
2024-05-26,Lazio,Sassuolo,1,1,5.0,3.0,3.0,1.0,1.03,1.11,6.0,3.0,2.0,5.0,P. Tremolada
2024-05-26,Hellas Verona,Inter,2,2,9.0,3.0,1.0,1.0,1.75,2.38,8.0,11.0,8.0,6.0,L. Zufferli
2024-05-26,Empoli,AS Roma,2,1,4.0,5.0,4.0,1.0,2.64,1.34,7.0,3.0,3.0,5.0,D. Massa
2024-05-26,Frosinone,Udinese,0,1,11.0,1.0,0.0,2.0,0.8,0.78,5.0,5.0,4.0,5.0,D. Doveri
2024-06-02,Atalanta,Fiorentina,2,3,4.0,4.0,0.0,2.0,1.77,1.24,3.0,4.0,1.0,1.0,D. Orsato
